Pclass,SibSp,Parch,Fare,Sex_female,Sex_male,Age_juvenile,Age_middle,Age_missing,Age_old,Age_youth,Embarked_C,Embarked_Q,Embarked_S,Title_Master,Title_Miss,Title_Mr,Title_Mrs,Title_Officer,Title_Royalty,Survived
0.8273772438659699,-0.4745451962498395,-0.4736736092984604,7.775,0.0,1.0,0.0,0.0,1.0,0.0,0.0,0.0,0.0,1.0,0.0,0.0,1.0,0.0,0.0,0.0,0
0.8273772438659699,-0.4745451962498395,-0.4736736092984604,7.925,0.0,1.0,0.0,1.0,0.0,0.0,0.0,0.0,0.0,1.0,0.0,0.0,1.0,0.0,0.0,0.0,1
0.8273772438659699,0.4327933656785018,0.7676298785983874,20.525,1.0,0.0,0.0,0.0,0.0,0.0,1.0,0.0,0.0,1.0,0.0,0.0,0.0,1.0,0.0,0.0,1
0.8273772438659699,-0.4745451962498395,-0.4736736092984604,7.225,0.0,1.0,0.0,0.0,1.0,0.0,0.0,1.0,0.0,0.0,0.0,0.0,1.0,0.0,0.0,0.0,0
0.8273772438659699,6.784163299176892,2.008933366495236,69.55,1.0,0.0,0.0,0.0,1.0,0.0,0.0,0.0,0.0,1.0,0.0,1.0,0.0,0.0,0.0,0.0,0
0.8273772438659699,-0.4745451962498395,-0.4736736092984604,8.6625,0.0,1.0,0.0,1.0,0.0,0.0,0.0,0.0,0.0,1.0,0.0,0.0,1.0,0.0,0.0,0.0,0
0.8273772438659699,-0.4745451962498395,-0.4736736092984604,7.5208,0.0,1.0,0.0,0.0,0.0,0.0,1.0,0.0,0.0,1.0,0.0,0.0,1.0,0.0,0.0,0.0,0
0.8273772438659699,-0.4745451962498395,-0.4736736092984604,7.25,0.0,1.0,0.0,0.0,1.0,0.0,0.0,0.0,0.0,1.0,0.0,0.0,1.0,0.0,0.0,0.0,0
0.8273772438659699,-0.4745451962498395,-0.4736736092984604,7.75,0.0,1.0,0.0,0.0,1.0,0.0,0.0,0.0,1.0,0.0,0.0,0.0,1.0,0.0,0.0,0.0,0
-0.3693648410115938,0.4327933656785018,0.7676298785983874,26.25,1.0,0.0,0.0,1.0,0.0,0.0,0.0,0.0,0.0,1.0,0.0,0.0,0.0,1.0,0.0,0.0,1
0.8273772438659699,-0.4745451962498395,-0.4736736092984604,7.75,1.0,0.0,0.0,0.0,0.0,0.0,1.0,0.0,1.0,0.0,0.0,1.0,0.0,0.0,0.0,0.0,0
-0.3693648410115938,-0.4745451962498395,2.008933366495236,37.0042,0.0,1.0,1.0,0.0,0.0,0.0,0.0,1.0,0.0,0.0,1.0,0.0,0.0,0.0,0.0,0.0,1
-0.3693648410115938,-0.4745451962498395,-0.4736736092984604,13.0,1.0,0.0,0.0,0.0,0.0,0.0,1.0,0.0,0.0,1.0,0.0,0.0,0.0,1.0,0.0,0.0,1
-1.5661069258891576,-0.4745451962498395,2.008933366495236,110.8833,0.0,1.0,1.0,0.0,0.0,0.0,0.0,1.0,0.0,0.0,0.0,0.0,1.0,0.0,0.0,0.0,1
0.8273772438659699,0.4327933656785018,0.7676298785983874,7.2292,0.0,1.0,1.0,0.0,0.0,0.0,0.0,1.0,0.0,0.0,0.0,0.0,1.0,0.0,0.0,0.0,0
0.8273772438659699,-0.4745451962498395,-0.4736736092984604,24.15,0.0,1.0,0.0,0.0,0.0,0.0,1.0,0.0,0.0,1.0,0.0,0.0,1.0,0.0,0.0,0.0,0
0.8273772438659699,-0.4745451962498395,-0.4736736092984604,7.6292,1.0,0.0,0.0,0.0,1.0,0.0,0.0,0.0,1.0,0.0,0.0,1.0,0.0,0.0,0.0,0.0,0
0.8273772438659699,0.4327933656785018,0.7676298785983874,15.9,0.0,1.0,1.0,0.0,0.0,0.0,0.0,0.0,0.0,1.0,1.0,0.0,0.0,0.0,0.0,0.0,1
0.8273772438659699,-0.4745451962498395,-0.4736736092984604,8.05,0.0,1.0,0.0,0.0,0.0,0.0,1.0,0.0,0.0,1.0,0.0,0.0,1.0,0.0,0.0,0.0,1
0.8273772438659699,0.4327933656785018,-0.4736736092984604,16.1,1.0,0.0,0.0,0.0,0.0,0.0,1.0,0.0,0.0,1.0,0.0,0.0,0.0,1.0,0.0,0.0,0
-0.3693648410115938,-0.4745451962498395,-0.4736736092984604,15.05,0.0,1.0,0.0,0.0,1.0,0.0,0.0,1.0,0.0,0.0,0.0,0.0,1.0,0.0,0.0,0.0,0
0.8273772438659699,4.062147613391868,2.008933366495236,46.9,0.0,1.0,1.0,0.0,0.0,0.0,0.0,0.0,0.0,1.0,0.0,0.0,1.0,0.0,0.0,0.0,0
0.8273772438659699,-0.4745451962498395,4.491540342288932,21.075,1.0,0.0,0.0,0.0,0.0,0.0,1.0,0.0,0.0,1.0,0.0,0.0,0.0,1.0,0.0,0.0,0
-1.5661069258891576,-0.4745451962498395,2.008933366495236,26.2833,1.0,0.0,0.0,0.0,0.0,0.0,1.0,0.0,0.0,1.0,0.0,1.0,0.0,0.0,0.0,0.0,1
0.8273772438659699,-0.4745451962498395,-0.4736736092984604,7.8542,0.0,1.0,0.0,0.0,0.0,0.0,1.0,0.0,0.0,1.0,0.0,0.0,1.0,0.0,0.0,0.0,0
-1.5661069258891576,-0.4745451962498395,-0.4736736092984604,27.7208,1.0,0.0,0.0,1.0,0.0,0.0,0.0,1.0,0.0,0.0,0.0,0.0,0.0,1.0,0.0,0.0,1
-0.3693648410115938,-0.4745451962498395,-0.4736736092984604,26.0,0.0,1.0,0.0,0.0,0.0,0.0,1.0,0.0,0.0,1.0,0.0,0.0,1.0,0.0,0.0,0.0,0
0.8273772438659699,-0.4745451962498395,-0.4736736092984604,7.55,0.0,1.0,0.0,0.0,1.0,0.0,0.0,0.0,0.0,1.0,0.0,0.0,1.0,0.0,0.0,0.0,0
0.8273772438659699,-0.4745451962498395,-0.4736736092984604,7.75,0.0,1.0,0.0,0.0,1.0,0.0,0.0,0.0,1.0,0.0,0.0,0.0,1.0,0.0,0.0,0.0,0
0.8273772438659699,0.4327933656785018,-0.4736736092984604,15.55,0.0,1.0,0.0,0.0,0.0,0.0,1.0,0.0,0.0,1.0,0.0,0.0,1.0,0.0,0.0,0.0,0
-0.3693648410115938,-0.4745451962498395,0.7676298785983874,23.0,1.0,0.0,1.0,0.0,0.0,0.0,0.0,0.0,0.0,1.0,0.0,1.0,0.0,0.0,0.0,0.0,1
-1.5661069258891576,-0.4745451962498395,-0.4736736092984604,35.5,0.0,1.0,0.0,1.0,0.0,0.0,0.0,1.0,0.0,0.0,0.0,0.0,0.0,0.0,1.0,0.0,1
0.8273772438659699,4.062147613391868,2.008933366495236,46.9,0.0,1.0,1.0,0.0,0.0,0.0,0.0,0.0,0.0,1.0,1.0,0.0,0.0,0.0,0.0,0.0,0
0.8273772438659699,0.4327933656785018,-0.4736736092984604,19.9667,0.0,1.0,0.0,0.0,1.0,0.0,0.0,0.0,0.0,1.0,0.0,0.0,1.0,0.0,0.0,0.0,0
-1.5661069258891576,0.4327933656785018,2.008933366495236,120.0,1.0,0.0,1.0,0.0,0.0,0.0,0.0,0.0,0.0,1.0,0.0,1.0,0.0,0.0,0.0,0.0,1
0.8273772438659699,-0.4745451962498395,-0.4736736092984604,7.75,0.0,1.0,0.0,0.0,1.0,0.0,0.0,0.0,1.0,0.0,0.0,0.0,1.0,0.0,0.0,0.0,1
-0.3693648410115938,-0.4745451962498395,-0.4736736092984604,12.35,1.0,0.0,0.0,0.0,0.0,0.0,1.0,0.0,1.0,0.0,0.0,1.0,0.0,0.0,0.0,0.0,1
-1.5661069258891576,-0.4745451962498395,-0.4736736092984604,51.8625,0.0,1.0,0.0,1.0,0.0,0.0,0.0,0.0,0.0,1.0,0.0,0.0,1.0,0.0,0.0,0.0,0
0.8273772438659699,0.4327933656785018,-0.4736736092984604,14.4542,1.0,0.0,1.0,0.0,0.0,0.0,0.0,1.0,0.0,0.0,0.0,1.0,0.0,0.0,0.0,0.0,0
-1.5661069258891576,-0.4745451962498395,-0.4736736092984604,30.0,1.0,0.0,0.0,0.0,0.0,0.0,1.0,0.0,0.0,1.0,0.0,1.0,0.0,0.0,0.0,0.0,1
-0.3693648410115938,0.4327933656785018,0.7676298785983874,26.25,0.0,1.0,0.0,1.0,0.0,0.0,0.0,0.0,0.0,1.0,0.0,0.0,1.0,0.0,0.0,0.0,0
0.8273772438659699,-0.4745451962498395,-0.4736736092984604,7.225,0.0,1.0,0.0,0.0,1.0,0.0,0.0,1.0,0.0,0.0,0.0,0.0,1.0,0.0,0.0,0.0,0
0.8273772438659699,-0.4745451962498395,-0.4736736092984604,7.8958,0.0,1.0,0.0,0.0,0.0,0.0,1.0,0.0,0.0,1.0,0.0,0.0,1.0,0.0,0.0,0.0,0
0.8273772438659699,-0.4745451962498395,-0.4736736092984604,9.2167,0.0,1.0,1.0,0.0,0.0,0.0,0.0,0.0,0.0,1.0,0.0,0.0,1.0,0.0,0.0,0.0,0
-0.3693648410115938,-0.4745451962498395,-0.4736736092984604,16.0,1.0,0.0,0.0,1.0,0.0,0.0,0.0,0.0,0.0,1.0,0.0,0.0,0.0,1.0,0.0,0.0,1
0.8273772438659699,-0.4745451962498395,-0.4736736092984604,16.1,0.0,1.0,0.0,0.0,0.0,0.0,1.0,0.0,0.0,1.0,0.0,0.0,1.0,0.0,0.0,0.0,0
0.8273772438659699,-0.4745451962498395,-0.4736736092984604,7.05,0.0,1.0,0.0,0.0,0.0,0.0,1.0,0.0,0.0,1.0,0.0,0.0,1.0,0.0,0.0,0.0,0
-1.5661069258891576,-0.4745451962498395,-0.4736736092984604,28.5,0.0,1.0,0.0,1.0,0.0,0.0,0.0,0.0,0.0,1.0,0.0,0.0,1.0,0.0,0.0,0.0,0
-1.5661069258891576,-0.4745451962498395,-0.4736736092984604,79.2,0.0,1.0,0.0,0.0,0.0,0.0,1.0,1.0,0.0,0.0,0.0,0.0,1.0,0.0,0.0,0.0,0
-1.5661069258891576,-0.4745451962498395,-0.4736736092984604,69.3,1.0,0.0,0.0,0.0,0.0,0.0,1.0,1.0,0.0,0.0,0.0,0.0,0.0,1.0,0.0,0.0,1
0.8273772438659699,-0.4745451962498395,-0.4736736092984604,7.925,0.0,1.0,0.0,0.0,0.0,0.0,1.0,0.0,0.0,1.0,0.0,0.0,1.0,0.0,0.0,0.0,0
0.8273772438659699,3.1548090514635256,0.7676298785983874,39.6875,0.0,1.0,1.0,0.0,0.0,0.0,0.0,0.0,0.0,1.0,0.0,0.0,1.0,0.0,0.0,0.0,0
0.8273772438659699,-0.4745451962498395,-0.4736736092984604,7.775,0.0,1.0,0.0,0.0,0.0,1.0,0.0,0.0,0.0,1.0,0.0,0.0,1.0,0.0,0.0,0.0,0
0.8273772438659699,-0.4745451962498395,-0.4736736092984604,7.775,1.0,0.0,0.0,0.0,0.0,0.0,1.0,0.0,0.0,1.0,0.0,1.0,0.0,0.0,0.0,0.0,1
-0.3693648410115938,0.4327933656785018,-0.4736736092984604,26.0,1.0,0.0,0.0,0.0,0.0,0.0,1.0,0.0,0.0,1.0,0.0,0.0,0.0,1.0,0.0,0.0,1
0.8273772438659699,-0.4745451962498395,-0.4736736092984604,0.0,0.0,1.0,0.0,0.0,0.0,0.0,1.0,0.0,0.0,1.0,0.0,0.0,1.0,0.0,0.0,0.0,0
0.8273772438659699,2.247470489535184,-0.4736736092984604,15.85,1.0,0.0,0.0,0.0,0.0,0.0,1.0,0.0,0.0,1.0,0.0,0.0,0.0,1.0,0.0,0.0,1
0.8273772438659699,-0.4745451962498395,-0.4736736092984604,7.775,0.0,1.0,0.0,0.0,1.0,0.0,0.0,0.0,0.0,1.0,0.0,0.0,1.0,0.0,0.0,0.0,1
0.8273772438659699,-0.4745451962498395,-0.4736736092984604,56.4958,0.0,1.0,0.0,0.0,0.0,0.0,1.0,0.0,0.0,1.0,0.0,0.0,1.0,0.0,0.0,0.0,1
-0.3693648410115938,-0.4745451962498395,-0.4736736092984604,10.5,1.0,0.0,0.0,0.0,0.0,0.0,1.0,0.0,0.0,1.0,0.0,0.0,0.0,1.0,0.0,0.0,1
0.8273772438659699,0.4327933656785018,0.7676298785983874,15.2458,0.0,1.0,0.0,0.0,1.0,0.0,0.0,1.0,0.0,0.0,1.0,0.0,0.0,0.0,0.0,0.0,1
0.8273772438659699,1.3401319276068429,-0.4736736092984604,18.0,1.0,0.0,1.0,0.0,0.0,0.0,0.0,0.0,0.0,1.0,0.0,1.0,0.0,0.0,0.0,0.0,0
-1.5661069258891576,-0.4745451962498395,-0.4736736092984604,42.4,0.0,1.0,0.0,0.0,1.0,0.0,0.0,0.0,0.0,1.0,0.0,0.0,1.0,0.0,0.0,0.0,0
0.8273772438659699,0.4327933656785018,0.7676298785983874,24.15,1.0,0.0,0.0,0.0,0.0,0.0,1.0,0.0,0.0,1.0,0.0,0.0,0.0,1.0,0.0,0.0,0
-1.5661069258891576,-0.4745451962498395,-0.4736736092984604,0.0,0.0,1.0,0.0,0.0,0.0,0.0,1.0,0.0,0.0,1.0,0.0,0.0,1.0,0.0,0.0,0.0,0
-0.3693648410115938,-0.4745451962498395,-0.4736736092984604,13.0,1.0,0.0,0.0,0.0,0.0,0.0,1.0,0.0,0.0,1.0,0.0,1.0,0.0,0.0,0.0,0.0,0
-0.3693648410115938,-0.4745451962498395,-0.4736736092984604,73.5,0.0,1.0,0.0,0.0,0.0,0.0,1.0,0.0,0.0,1.0,0.0,0.0,1.0,0.0,0.0,0.0,0
0.8273772438659699,-0.4745451962498395,-0.4736736092984604,12.475,1.0,0.0,0.0,0.0,0.0,0.0,1.0,0.0,0.0,1.0,0.0,1.0,0.0,0.0,0.0,0.0,1
-1.5661069258891576,-0.4745451962498395,-0.4736736092984604,76.7292,0.0,1.0,0.0,0.0,0.0,0.0,1.0,1.0,0.0,0.0,0.0,0.0,1.0,0.0,0.0,0.0,1
0.8273772438659699,-0.4745451962498395,-0.4736736092984604,7.775,0.0,1.0,1.0,0.0,0.0,0.0,0.0,0.0,0.0,1.0,0.0,0.0,1.0,0.0,0.0,0.0,0
-1.5661069258891576,-0.4745451962498395,-0.4736736092984604,135.6333,0.0,1.0,0.0,0.0,0.0,0.0,1.0,1.0,0.0,0.0,0.0,0.0,1.0,0.0,0.0,0.0,0
-0.3693648410115938,-0.4745451962498395,-0.4736736092984604,10.5,0.0,1.0,0.0,0.0,0.0,0.0,1.0,0.0,0.0,1.0,0.0,0.0,1.0,0.0,0.0,0.0,0
-0.3693648410115938,0.4327933656785018,2.008933366495236,41.5792,1.0,0.0,1.0,0.0,0.0,0.0,0.0,1.0,0.0,0.0,0.0,1.0,0.0,0.0,0.0,0.0,1
0.8273772438659699,-0.4745451962498395,-0.4736736092984604,7.775,0.0,1.0,0.0,0.0,0.0,0.0,1.0,0.0,0.0,1.0,0.0,0.0,1.0,0.0,0.0,0.0,0
0.8273772438659699,-0.4745451962498395,-0.4736736092984604,8.05,0.0,1.0,0.0,0.0,1.0,0.0,0.0,0.0,0.0,1.0,0.0,0.0,1.0,0.0,0.0,0.0,0
0.8273772438659699,-0.4745451962498395,-0.4736736092984604,9.225,0.0,1.0,0.0,0.0,0.0,0.0,1.0,0.0,0.0,1.0,0.0,0.0,1.0,0.0,0.0,0.0,0
-0.3693648410115938,0.4327933656785018,0.7676298785983874,37.0042,0.0,1.0,0.0,0.0,0.0,0.0,1.0,1.0,0.0,0.0,0.0,0.0,1.0,0.0,0.0,0.0,0
-1.5661069258891576,-0.4745451962498395,0.7676298785983874,211.3375,1.0,0.0,1.0,0.0,0.0,0.0,0.0,0.0,0.0,1.0,0.0,1.0,0.0,0.0,0.0,0.0,1
0.8273772438659699,0.4327933656785018,0.7676298785983874,14.4,1.0,0.0,0.0,0.0,0.0,0.0,1.0,0.0,0.0,1.0,0.0,0.0,0.0,1.0,0.0,0.0,0
0.8273772438659699,-0.4745451962498395,-0.4736736092984604,9.5,0.0,1.0,0.0,0.0,0.0,0.0,1.0,0.0,0.0,1.0,0.0,0.0,1.0,0.0,0.0,0.0,1
0.8273772438659699,-0.4745451962498395,-0.4736736092984604,7.8958,0.0,1.0,0.0,0.0,0.0,0.0,1.0,0.0,0.0,1.0,0.0,0.0,1.0,0.0,0.0,0.0,0
-0.3693648410115938,-0.4745451962498395,-0.4736736092984604,10.5,0.0,1.0,0.0,0.0,0.0,0.0,1.0,0.0,0.0,1.0,0.0,0.0,1.0,0.0,0.0,0.0,0
-0.3693648410115938,-0.4745451962498395,-0.4736736092984604,13.0,0.0,1.0,0.0,0.0,0.0,0.0,1.0,0.0,0.0,1.0,0.0,0.0,1.0,0.0,0.0,0.0,0
0.8273772438659699,4.062147613391868,2.008933366495236,46.9,1.0,0.0,1.0,0.0,0.0,0.0,0.0,0.0,0.0,1.0,0.0,1.0,0.0,0.0,0.0,0.0,0
-1.5661069258891576,2.247470489535184,2.008933366495236,263.0,0.0,1.0,0.0,0.0,0.0,0.0,1.0,0.0,0.0,1.0,0.0,0.0,1.0,0.0,0.0,0.0,0
-1.5661069258891576,-0.4745451962498395,-0.4736736092984604,83.1583,1.0,0.0,0.0,0.0,0.0,0.0,1.0,1.0,0.0,0.0,0.0,1.0,0.0,0.0,0.0,0.0,1
0.8273772438659699,-0.4745451962498395,5.7328438301857805,39.6875,1.0,0.0,0.0,1.0,0.0,0.0,0.0,0.0,0.0,1.0,0.0,0.0,0.0,1.0,0.0,0.0,0
-1.5661069258891576,-0.4745451962498395,0.7676298785983874,55.0,1.0,0.0,0.0,0.0,1.0,0.0,0.0,0.0,0.0,1.0,0.0,0.0,0.0,1.0,0.0,0.0,1
-0.3693648410115938,-0.4745451962498395,-0.4736736092984604,33.0,1.0,0.0,0.0,0.0,1.0,0.0,0.0,0.0,0.0,1.0,0.0,1.0,0.0,0.0,0.0,0.0,1
-0.3693648410115938,-0.4745451962498395,-0.4736736092984604,11.5,0.0,1.0,1.0,0.0,0.0,0.0,0.0,0.0,0.0,1.0,0.0,0.0,1.0,0.0,0.0,0.0,0
0.8273772438659699,-0.4745451962498395,-0.4736736092984604,7.75,1.0,0.0,0.0,0.0,1.0,0.0,0.0,0.0,1.0,0.0,0.0,1.0,0.0,0.0,0.0,0.0,1
0.8273772438659699,-0.4745451962498395,-0.4736736092984604,7.4958,1.0,0.0,1.0,0.0,0.0,0.0,0.0,0.0,0.0,1.0,0.0,1.0,0.0,0.0,0.0,0.0,1
-1.5661069258891576,0.4327933656785018,4.491540342288932,263.0,0.0,1.0,0.0,0.0,0.0,1.0,0.0,0.0,0.0,1.0,0.0,0.0,1.0,0.0,0.0,0.0,0
0.8273772438659699,-0.4745451962498395,-0.4736736092984604,7.7958,0.0,1.0,0.0,0.0,0.0,0.0,1.0,0.0,0.0,1.0,0.0,0.0,1.0,0.0,0.0,0.0,1
0.8273772438659699,-0.4745451962498395,-0.4736736092984604,7.8958,0.0,1.0,0.0,0.0,0.0,0.0,1.0,0.0,0.0,1.0,0.0,0.0,1.0,0.0,0.0,0.0,0
-0.3693648410115938,-0.4745451962498395,-0.4736736092984604,0.0,0.0,1.0,0.0,0.0,1.0,0.0,0.0,0.0,0.0,1.0,0.0,0.0,1.0,0.0,0.0,0.0,0
0.8273772438659699,-0.4745451962498395,-0.4736736092984604,7.8542,0.0,1.0,0.0,0.0,0.0,0.0,1.0,0.0,0.0,1.0,0.0,0.0,1.0,0.0,0.0,0.0,0
0.8273772438659699,-0.4745451962498395,-0.4736736092984604,18.7875,0.0,1.0,1.0,0.0,0.0,0.0,0.0,1.0,0.0,0.0,0.0,0.0,1.0,0.0,0.0,0.0,0
-0.3693648410115938,-0.4745451962498395,-0.4736736092984604,0.0,0.0,1.0,0.0,0.0,1.0,0.0,0.0,0.0,0.0,1.0,0.0,0.0,1.0,0.0,0.0,0.0,0
0.8273772438659699,-0.4745451962498395,-0.4736736092984604,7.4958,0.0,1.0,0.0,0.0,0.0,0.0,1.0,0.0,0.0,1.0,0.0,0.0,1.0,0.0,0.0,0.0,0
0.8273772438659699,-0.4745451962498395,-0.4736736092984604,6.975,0.0,1.0,0.0,0.0,0.0,0.0,1.0,0.0,0.0,1.0,0.0,0.0,1.0,0.0,0.0,0.0,1
0.8273772438659699,1.3401319276068429,-0.4736736092984604,23.25,1.0,0.0,0.0,0.0,1.0,0.0,0.0,0.0,1.0,0.0,0.0,1.0,0.0,0.0,0.0,0.0,1
0.8273772438659699,-0.4745451962498395,-0.4736736092984604,7.55,0.0,1.0,0.0,1.0,0.0,0.0,0.0,0.0,0.0,1.0,0.0,0.0,1.0,0.0,0.0,0.0,0
0.8273772438659699,0.4327933656785018,-0.4736736092984604,15.5,0.0,1.0,0.0,0.0,1.0,0.0,0.0,0.0,1.0,0.0,0.0,0.0,1.0,0.0,0.0,0.0,0
-1.5661069258891576,-0.4745451962498395,-0.4736736092984604,30.0,0.0,1.0,0.0,0.0,1.0,0.0,0.0,0.0,0.0,1.0,0.0,0.0,1.0,0.0,0.0,0.0,1
-0.3693648410115938,0.4327933656785018,-0.4736736092984604,26.0,0.0,1.0,0.0,1.0,0.0,0.0,0.0,0.0,0.0,1.0,0.0,0.0,1.0,0.0,0.0,0.0,0
-0.3693648410115938,-0.4745451962498395,-0.4736736092984604,10.5,1.0,0.0,0.0,0.0,0.0,0.0,1.0,0.0,0.0,1.0,0.0,0.0,0.0,1.0,0.0,0.0,1
0.8273772438659699,-0.4745451962498395,0.7676298785983874,8.4042,0.0,1.0,0.0,1.0,0.0,0.0,0.0,0.0,0.0,1.0,0.0,0.0,1.0,0.0,0.0,0.0,0
-1.5661069258891576,0.4327933656785018,-0.4736736092984604,57.0,0.0,1.0,0.0,0.0,0.0,0.0,1.0,0.0,0.0,1.0,0.0,0.0,1.0,0.0,0.0,0.0,1
0.8273772438659699,-0.4745451962498395,-0.4736736092984604,7.75,1.0,0.0,0.0,0.0,1.0,0.0,0.0,0.0,1.0,0.0,0.0,1.0,0.0,0.0,0.0,0.0,1
-0.3693648410115938,-0.4745451962498395,-0.4736736092984604,13.0,1.0,0.0,0.0,0.0,0.0,0.0,1.0,0.0,0.0,1.0,0.0,0.0,0.0,1.0,0.0,0.0,1
0.8273772438659699,0.4327933656785018,0.7676298785983874,15.9,0.0,1.0,1.0,0.0,0.0,0.0,0.0,0.0,0.0,1.0,1.0,0.0,0.0,0.0,0.0,0.0,1
0.8273772438659699,-0.4745451962498395,-0.4736736092984604,7.8542,0.0,1.0,0.0,0.0,0.0,0.0,1.0,0.0,0.0,1.0,0.0,0.0,1.0,0.0,0.0,0.0,0
0.8273772438659699,-0.4745451962498395,-0.4736736092984604,7.2292,0.0,1.0,0.0,0.0,0.0,0.0,1.0,1.0,0.0,0.0,0.0,0.0,1.0,0.0,0.0,0.0,0
0.8273772438659699,0.4327933656785018,-0.4736736092984604,17.8,1.0,0.0,1.0,0.0,0.0,0.0,0.0,0.0,0.0,1.0,0.0,0.0,0.0,1.0,0.0,0.0,0
0.8273772438659699,-0.4745451962498395,-0.4736736092984604,7.8958,0.0,1.0,0.0,0.0,0.0,0.0,1.0,0.0,0.0,1.0,0.0,0.0,1.0,0.0,0.0,0.0,0
0.8273772438659699,-0.4745451962498395,-0.4736736092984604,7.125,0.0,1.0,0.0,0.0,0.0,0.0,1.0,0.0,0.0,1.0,0.0,0.0,1.0,0.0,0.0,0.0,0
-0.3693648410115938,0.4327933656785018,0.7676298785983874,18.75,0.0,1.0,1.0,0.0,0.0,0.0,0.0,0.0,0.0,1.0,1.0,0.0,0.0,0.0,0.0,0.0,1
-1.5661069258891576,0.4327933656785018,0.7676298785983874,110.8833,1.0,0.0,0.0,0.0,0.0,0.0,1.0,1.0,0.0,0.0,0.0,0.0,0.0,1.0,0.0,0.0,1
0.8273772438659699,-0.4745451962498395,-0.4736736092984604,7.7958,0.0,1.0,0.0,0.0,0.0,0.0,1.0,0.0,0.0,1.0,0.0,0.0,1.0,0.0,0.0,0.0,0
-1.5661069258891576,0.4327933656785018,-0.4736736092984604,90.0,0.0,1.0,0.0,0.0,0.0,0.0,1.0,0.0,0.0,1.0,0.0,0.0,1.0,0.0,0.0,0.0,1
-1.5661069258891576,-0.4745451962498395,-0.4736736092984604,25.5875,0.0,1.0,0.0,1.0,0.0,0.0,0.0,0.0,0.0,1.0,0.0,0.0,1.0,0.0,0.0,0.0,0
-1.5661069258891576,0.4327933656785018,0.7676298785983874,79.65,1.0,0.0,0.0,0.0,0.0,0.0,1.0,0.0,0.0,1.0,0.0,0.0,0.0,1.0,0.0,0.0,1
0.8273772438659699,-0.4745451962498395,-0.4736736092984604,7.125,0.0,1.0,0.0,1.0,0.0,0.0,0.0,0.0,0.0,1.0,0.0,0.0,1.0,0.0,0.0,0.0,0
0.8273772438659699,-0.4745451962498395,-0.4736736092984604,7.8542,0.0,1.0,0.0,1.0,0.0,0.0,0.0,0.0,0.0,1.0,0.0,0.0,1.0,0.0,0.0,0.0,0
0.8273772438659699,-0.4745451962498395,-0.4736736092984604,7.8958,0.0,1.0,0.0,0.0,0.0,0.0,1.0,1.0,0.0,0.0,0.0,0.0,1.0,0.0,0.0,0.0,0
-0.3693648410115938,-0.4745451962498395,-0.4736736092984604,13.0,0.0,1.0,0.0,0.0,0.0,0.0,1.0,0.0,0.0,1.0,0.0,0.0,1.0,0.0,0.0,0.0,1
-0.3693648410115938,-0.4745451962498395,-0.4736736092984604,13.0,0.0,1.0,0.0,0.0,0.0,0.0,1.0,0.0,0.0,1.0,0.0,0.0,1.0,0.0,0.0,0.0,0
-1.5661069258891576,0.4327933656785018,-0.4736736092984604,55.9,1.0,0.0,0.0,0.0,0.0,0.0,1.0,0.0,0.0,1.0,0.0,0.0,0.0,1.0,0.0,0.0,1
0.8273772438659699,-0.4745451962498395,-0.4736736092984604,7.2292,0.0,1.0,0.0,0.0,1.0,0.0,0.0,1.0,0.0,0.0,0.0,0.0,1.0,0.0,0.0,0.0,0
-1.5661069258891576,0.4327933656785018,0.7676298785983874,83.1583,1.0,0.0,0.0,0.0,0.0,0.0,1.0,1.0,0.0,0.0,0.0,1.0,0.0,0.0,0.0,0.0,1
0.8273772438659699,-0.4745451962498395,2.008933366495236,7.75,1.0,0.0,0.0,0.0,1.0,0.0,0.0,0.0,1.0,0.0,0.0,1.0,0.0,0.0,0.0,0.0,0
0.8273772438659699,-0.4745451962498395,-0.4736736092984604,9.0,0.0,1.0,0.0,1.0,0.0,0.0,0.0,0.0,0.0,1.0,0.0,0.0,1.0,0.0,0.0,0.0,0
-1.5661069258891576,-0.4745451962498395,0.7676298785983874,77.2875,0.0,1.0,0.0,0.0,0.0,0.0,1.0,0.0,0.0,1.0,0.0,0.0,1.0,0.0,0.0,0.0,0
-1.5661069258891576,-0.4745451962498395,0.7676298785983874,61.3792,0.0,1.0,0.0,1.0,0.0,0.0,0.0,1.0,0.0,0.0,0.0,0.0,1.0,0.0,0.0,0.0,0
0.8273772438659699,-0.4745451962498395,-0.4736736092984604,8.1583,0.0,1.0,0.0,0.0,0.0,0.0,1.0,0.0,0.0,1.0,0.0,0.0,1.0,0.0,0.0,0.0,0
-0.3693648410115938,-0.4745451962498395,-0.4736736092984604,13.0,0.0,1.0,0.0,0.0,0.0,0.0,1.0,0.0,0.0,1.0,0.0,0.0,1.0,0.0,0.0,0.0,0
0.8273772438659699,-0.4745451962498395,-0.4736736092984604,8.05,0.0,1.0,0.0,0.0,1.0,0.0,0.0,0.0,0.0,1.0,0.0,0.0,1.0,0.0,0.0,0.0,0
0.8273772438659699,-0.4745451962498395,-0.4736736092984604,7.55,1.0,0.0,0.0,0.0,1.0,0.0,0.0,0.0,0.0,1.0,0.0,1.0,0.0,0.0,0.0,0.0,0
0.8273772438659699,-0.4745451962498395,-0.4736736092984604,7.775,1.0,0.0,1.0,0.0,0.0,0.0,0.0,0.0,0.0,1.0,0.0,1.0,0.0,0.0,0.0,0.0,0
0.8273772438659699,-0.4745451962498395,-0.4736736092984604,9.5,0.0,1.0,0.0,0.0,1.0,0.0,0.0,0.0,0.0,1.0,0.0,0.0,1.0,0.0,0.0,0.0,0
0.8273772438659699,-0.4745451962498395,-0.4736736092984604,7.7333,0.0,1.0,0.0,0.0,1.0,0.0,0.0,0.0,1.0,0.0,0.0,0.0,1.0,0.0,0.0,0.0,0
-1.5661069258891576,-0.4745451962498395,-0.4736736092984604,86.5,1.0,0.0,1.0,0.0,0.0,0.0,0.0,0.0,0.0,1.0,0.0,1.0,0.0,0.0,0.0,0.0,1
-1.5661069258891576,0.4327933656785018,0.7676298785983874,164.8667,1.0,0.0,0.0,1.0,0.0,0.0,0.0,0.0,0.0,1.0,0.0,0.0,0.0,1.0,0.0,0.0,1
0.8273772438659699,-0.4745451962498395,-0.4736736092984604,0.0,0.0,1.0,0.0,1.0,0.0,0.0,0.0,0.0,0.0,1.0,0.0,0.0,1.0,0.0,0.0,0.0,0
-1.5661069258891576,-0.4745451962498395,-0.4736736092984604,27.75,0.0,1.0,0.0,0.0,0.0,0.0,1.0,1.0,0.0,0.0,0.0,0.0,1.0,0.0,0.0,0.0,0
-0.3693648410115938,-0.4745451962498395,-0.4736736092984604,0.0,0.0,1.0,0.0,0.0,1.0,0.0,0.0,0.0,0.0,1.0,0.0,0.0,1.0,0.0,0.0,0.0,0
0.8273772438659699,-0.4745451962498395,-0.4736736092984604,9.5,0.0,1.0,0.0,0.0,0.0,0.0,1.0,0.0,0.0,1.0,0.0,0.0,1.0,0.0,0.0,0.0,0
0.8273772438659699,-0.4745451962498395,-0.4736736092984604,7.7375,0.0,1.0,0.0,0.0,1.0,0.0,0.0,0.0,1.0,0.0,0.0,0.0,1.0,0.0,0.0,0.0,0
0.8273772438659699,-0.4745451962498395,-0.4736736092984604,7.75,0.0,1.0,0.0,0.0,1.0,0.0,0.0,0.0,1.0,0.0,0.0,0.0,1.0,0.0,0.0,0.0,0
0.8273772438659699,-0.4745451962498395,-0.4736736092984604,7.05,0.0,1.0,0.0,0.0,0.0,0.0,1.0,0.0,0.0,1.0,0.0,0.0,1.0,0.0,0.0,0.0,0
0.8273772438659699,0.4327933656785018,-0.4736736092984604,7.925,0.0,1.0,0.0,0.0,0.0,0.0,1.0,0.0,0.0,1.0,0.0,0.0,1.0,0.0,0.0,0.0,1
0.8273772438659699,0.4327933656785018,0.7676298785983874,7.2292,0.0,1.0,1.0,0.0,0.0,0.0,0.0,1.0,0.0,0.0,0.0,0.0,1.0,0.0,0.0,0.0,0
-0.3693648410115938,-0.4745451962498395,0.7676298785983874,19.5,1.0,0.0,0.0,1.0,0.0,0.0,0.0,0.0,0.0,1.0,0.0,0.0,0.0,1.0,0.0,0.0,1
0.8273772438659699,-0.4745451962498395,-0.4736736092984604,7.8958,0.0,1.0,0.0,0.0,0.0,0.0,1.0,0.0,0.0,1.0,0.0,0.0,1.0,0.0,0.0,0.0,0
0.8273772438659699,-0.4745451962498395,-0.4736736092984604,9.5,0.0,1.0,0.0,0.0,0.0,0.0,1.0,0.0,0.0,1.0,0.0,0.0,1.0,0.0,0.0,0.0,0
0.8273772438659699,-0.4745451962498395,-0.4736736092984604,8.6625,0.0,1.0,0.0,0.0,0.0,0.0,1.0,1.0,0.0,0.0,0.0,0.0,1.0,0.0,0.0,0.0,0
-1.5661069258891576,0.4327933656785018,-0.4736736092984604,91.0792,0.0,1.0,0.0,0.0,0.0,0.0,1.0,1.0,0.0,0.0,0.0,0.0,1.0,0.0,0.0,0.0,1
0.8273772438659699,0.4327933656785018,-0.4736736092984604,16.1,0.0,1.0,0.0,0.0,1.0,0.0,0.0,0.0,0.0,1.0,0.0,0.0,1.0,0.0,0.0,0.0,0
-0.3693648410115938,-0.4745451962498395,-0.4736736092984604,21.0,1.0,0.0,0.0,0.0,0.0,0.0,1.0,0.0,0.0,1.0,0.0,1.0,0.0,0.0,0.0,0.0,1
0.8273772438659699,-0.4745451962498395,2.008933366495236,20.2125,1.0,0.0,0.0,1.0,0.0,0.0,0.0,0.0,0.0,1.0,0.0,0.0,0.0,1.0,0.0,0.0,0
0.8273772438659699,-0.4745451962498395,-0.4736736092984604,8.05,0.0,1.0,1.0,0.0,0.0,0.0,0.0,0.0,0.0,1.0,0.0,0.0,1.0,0.0,0.0,0.0,1
-0.3693648410115938,-0.4745451962498395,0.7676298785983874,33.0,1.0,0.0,1.0,0.0,0.0,0.0,0.0,0.0,0.0,1.0,0.0,1.0,0.0,0.0,0.0,0.0,1
0.8273772438659699,-0.4745451962498395,-0.4736736092984604,8.6625,0.0,1.0,1.0,0.0,0.0,0.0,0.0,0.0,0.0,1.0,0.0,0.0,1.0,0.0,0.0,0.0,0
0.8273772438659699,-0.4745451962498395,-0.4736736092984604,7.725,0.0,1.0,0.0,0.0,1.0,0.0,0.0,0.0,1.0,0.0,0.0,0.0,1.0,0.0,0.0,0.0,0
0.8273772438659699,-0.4745451962498395,-0.4736736092984604,8.05,0.0,1.0,0.0,1.0,0.0,0.0,0.0,0.0,0.0,1.0,0.0,0.0,1.0,0.0,0.0,0.0,1
0.8273772438659699,1.3401319276068429,0.7676298785983874,19.2583,1.0,0.0,1.0,0.0,0.0,0.0,0.0,1.0,0.0,0.0,0.0,1.0,0.0,0.0,0.0,0.0,1
-0.3693648410115938,0.4327933656785018,0.7676298785983874,26.0,1.0,0.0,0.0,0.0,0.0,0.0,1.0,0.0,0.0,1.0,0.0,0.0,0.0,1.0,0.0,0.0,0
0.8273772438659699,-0.4745451962498395,-0.4736736092984604,7.8958,0.0,1.0,0.0,0.0,1.0,0.0,0.0,0.0,0.0,1.0,0.0,0.0,1.0,0.0,0.0,0.0,0
-1.5661069258891576,-0.4745451962498395,-0.4736736092984604,38.5,0.0,1.0,0.0,1.0,0.0,0.0,0.0,0.0,0.0,1.0,0.0,0.0,1.0,0.0,0.0,0.0,0
0.8273772438659699,0.4327933656785018,-0.4736736092984604,14.4542,1.0,0.0,1.0,0.0,0.0,0.0,0.0,1.0,0.0,0.0,0.0,0.0,0.0,1.0,0.0,0.0,1
-0.3693648410115938,-0.4745451962498395,-0.4736736092984604,12.35,0.0,1.0,0.0,1.0,0.0,0.0,0.0,0.0,1.0,0.0,0.0,0.0,0.0,0.0,1.0,0.0,0
0.8273772438659699,0.4327933656785018,-0.4736736092984604,14.4542,1.0,0.0,0.0,0.0,1.0,0.0,0.0,1.0,0.0,0.0,0.0,1.0,0.0,0.0,0.0,0.0,0
-0.3693648410115938,-0.4745451962498395,-0.4736736092984604,12.0,1.0,0.0,1.0,0.0,0.0,0.0,0.0,1.0,0.0,0.0,0.0,1.0,0.0,0.0,0.0,0.0,1
0.8273772438659699,0.4327933656785018,-0.4736736092984604,9.825,1.0,0.0,0.0,0.0,0.0,0.0,1.0,0.0,0.0,1.0,0.0,1.0,0.0,0.0,0.0,0.0,0
-0.3693648410115938,-0.4745451962498395,-0.4736736092984604,0.0,0.0,1.0,0.0,0.0,1.0,0.0,0.0,0.0,0.0,1.0,0.0,0.0,1.0,0.0,0.0,0.0,0
0.8273772438659699,-0.4745451962498395,-0.4736736092984604,7.8958,0.0,1.0,0.0,0.0,0.0,0.0,1.0,0.0,0.0,1.0,0.0,0.0,1.0,0.0,0.0,0.0,0
-0.3693648410115938,1.3401319276068429,-0.4736736092984604,73.5,0.0,1.0,0.0,0.0,0.0,0.0,1.0,0.0,0.0,1.0,0.0,0.0,1.0,0.0,0.0,0.0,0
-0.3693648410115938,-0.4745451962498395,-0.4736736092984604,26.0,0.0,1.0,0.0,0.0,0.0,0.0,1.0,0.0,0.0,1.0,0.0,0.0,1.0,0.0,0.0,0.0,0
-1.5661069258891576,-0.4745451962498395,0.7676298785983874,57.9792,1.0,0.0,0.0,1.0,0.0,0.0,0.0,1.0,0.0,0.0,0.0,0.0,0.0,1.0,0.0,0.0,1
-1.5661069258891576,-0.4745451962498395,-0.4736736092984604,28.7125,1.0,0.0,0.0,1.0,0.0,0.0,0.0,1.0,0.0,0.0,0.0,1.0,0.0,0.0,0.0,0.0,0
0.8273772438659699,-0.4745451962498395,-0.4736736092984604,9.5,0.0,1.0,0.0,0.0,0.0,0.0,1.0,0.0,0.0,1.0,0.0,0.0,1.0,0.0,0.0,0.0,0
0.8273772438659699,-0.4745451962498395,-0.4736736092984604,7.65,1.0,0.0,0.0,0.0,0.0,0.0,1.0,0.0,0.0,1.0,0.0,1.0,0.0,0.0,0.0,0.0,1
0.8273772438659699,-0.4745451962498395,-0.4736736092984604,7.8958,0.0,1.0,0.0,0.0,1.0,0.0,0.0,0.0,0.0,1.0,0.0,0.0,1.0,0.0,0.0,0.0,0
-0.3693648410115938,-0.4745451962498395,2.008933366495236,26.25,1.0,0.0,1.0,0.0,0.0,0.0,0.0,0.0,0.0,1.0,0.0,1.0,0.0,0.0,0.0,0.0,1
0.8273772438659699,-0.4745451962498395,-0.4736736092984604,8.05,0.0,1.0,0.0,0.0,0.0,0.0,1.0,0.0,0.0,1.0,0.0,0.0,1.0,0.0,0.0,0.0,0
0.8273772438659699,-0.4745451962498395,-0.4736736092984604,7.25,0.0,1.0,0.0,1.0,0.0,0.0,0.0,0.0,0.0,1.0,0.0,0.0,1.0,0.0,0.0,0.0,0
-1.5661069258891576,1.3401319276068429,2.008933366495236,262.375,1.0,0.0,0.0,0.0,0.0,0.0,1.0,1.0,0.0,0.0,0.0,1.0,0.0,0.0,0.0,0.0,1
-0.3693648410115938,-0.4745451962498395,-0.4736736092984604,10.5,1.0,0.0,0.0,0.0,0.0,0.0,1.0,0.0,0.0,1.0,0.0,1.0,0.0,0.0,0.0,0.0,1
-1.5661069258891576,-0.4745451962498395,-0.4736736092984604,30.0,0.0,1.0,0.0,0.0,0.0,1.0,0.0,0.0,0.0,1.0,0.0,0.0,1.0,0.0,0.0,0.0,1
-0.3693648410115938,-0.4745451962498395,-0.4736736092984604,26.0,0.0,1.0,0.0,1.0,0.0,0.0,0.0,0.0,0.0,1.0,0.0,0.0,1.0,0.0,0.0,0.0,0
-1.5661069258891576,-0.4745451962498395,-0.4736736092984604,80.0,1.0,0.0,0.0,0.0,0.0,0.0,1.0,0.0,0.0,1.0,0.0,1.0,0.0,0.0,0.0,0.0,1
-0.3693648410115938,-0.4745451962498395,-0.4736736092984604,13.5,0.0,1.0,0.0,1.0,0.0,0.0,0.0,0.0,0.0,1.0,0.0,0.0,1.0,0.0,0.0,0.0,0
-0.3693648410115938,-0.4745451962498395,-0.4736736092984604,13.0,0.0,1.0,0.0,0.0,0.0,0.0,1.0,0.0,0.0,1.0,0.0,0.0,0.0,0.0,1.0,0.0,0
-1.5661069258891576,-0.4745451962498395,-0.4736736092984604,80.0,1.0,0.0,0.0,0.0,0.0,1.0,0.0,0.0,0.0,1.0,0.0,0.0,0.0,1.0,0.0,0.0,1
-1.5661069258891576,-0.4745451962498395,-0.4736736092984604,26.55,0.0,1.0,0.0,1.0,0.0,0.0,0.0,0.0,0.0,1.0,0.0,0.0,0.0,0.0,1.0,0.0,0
-0.3693648410115938,-0.4745451962498395,-0.4736736092984604,13.0,0.0,1.0,0.0,0.0,0.0,0.0,1.0,0.0,0.0,1.0,0.0,0.0,1.0,0.0,0.0,0.0,0
0.8273772438659699,-0.4745451962498395,-0.4736736092984604,7.25,0.0,1.0,0.0,1.0,0.0,0.0,0.0,0.0,0.0,1.0,0.0,0.0,1.0,0.0,0.0,0.0,0
0.8273772438659699,-0.4745451962498395,-0.4736736092984604,7.8958,0.0,1.0,0.0,0.0,1.0,0.0,0.0,1.0,0.0,0.0,0.0,0.0,1.0,0.0,0.0,0.0,0
-0.3693648410115938,-0.4745451962498395,-0.4736736092984604,13.0,0.0,1.0,0.0,0.0,0.0,0.0,1.0,0.0,0.0,1.0,0.0,0.0,1.0,0.0,0.0,0.0,0
0.8273772438659699,-0.4745451962498395,0.7676298785983874,14.4542,1.0,0.0,1.0,0.0,0.0,0.0,0.0,1.0,0.0,0.0,0.0,1.0,0.0,0.0,0.0,0.0,0
0.8273772438659699,0.4327933656785018,-0.4736736092984604,15.85,0.0,1.0,0.0,0.0,0.0,0.0,1.0,0.0,0.0,1.0,0.0,0.0,1.0,0.0,0.0,0.0,0
-0.3693648410115938,-0.4745451962498395,-0.4736736092984604,26.0,0.0,1.0,0.0,1.0,0.0,0.0,0.0,0.0,0.0,1.0,0.0,0.0,1.0,0.0,0.0,0.0,0
0.8273772438659699,-0.4745451962498395,-0.4736736092984604,7.05,0.0,1.0,0.0,0.0,0.0,0.0,1.0,0.0,0.0,1.0,0.0,0.0,1.0,0.0,0.0,0.0,0
0.8273772438659699,0.4327933656785018,5.7328438301857805,31.275,0.0,1.0,0.0,0.0,0.0,0.0,1.0,0.0,0.0,1.0,0.0,0.0,1.0,0.0,0.0,0.0,0
0.8273772438659699,-0.4745451962498395,-0.4736736092984604,8.6625,1.0,0.0,0.0,0.0,0.0,0.0,1.0,0.0,0.0,1.0,0.0,1.0,0.0,0.0,0.0,0.0,0
0.8273772438659699,-0.4745451962498395,-0.4736736092984604,7.925,0.0,1.0,0.0,0.0,0.0,0.0,1.0,0.0,0.0,1.0,0.0,0.0,1.0,0.0,0.0,0.0,0
0.8273772438659699,0.4327933656785018,-0.4736736092984604,15.5,1.0,0.0,0.0,0.0,1.0,0.0,0.0,0.0,1.0,0.0,0.0,1.0,0.0,0.0,0.0,0.0,1
-1.5661069258891576,-0.4745451962498395,0.7676298785983874,39.4,1.0,0.0,1.0,0.0,0.0,0.0,0.0,0.0,0.0,1.0,0.0,1.0,0.0,0.0,0.0,0.0,1
-0.3693648410115938,-0.4745451962498395,-0.4736736092984604,13.0,0.0,1.0,0.0,0.0,0.0,0.0,1.0,0.0,0.0,1.0,0.0,0.0,1.0,0.0,0.0,0.0,0
-1.5661069258891576,-0.4745451962498395,-0.4736736092984604,49.5042,0.0,1.0,0.0,0.0,0.0,1.0,0.0,1.0,0.0,0.0,0.0,0.0,1.0,0.0,0.0,0.0,0
0.8273772438659699,0.4327933656785018,-0.4736736092984604,24.15,1.0,0.0,0.0,0.0,1.0,0.0,0.0,0.0,1.0,0.0,0.0,1.0,0.0,0.0,0.0,0.0,1
-0.3693648410115938,-0.4745451962498395,-0.4736736092984604,10.5,0.0,1.0,0.0,0.0,0.0,1.0,0.0,0.0,0.0,1.0,0.0,0.0,1.0,0.0,0.0,0.0,0
-1.5661069258891576,0.4327933656785018,0.7676298785983874,52.5542,1.0,0.0,0.0,1.0,0.0,0.0,0.0,0.0,0.0,1.0,0.0,0.0,0.0,1.0,0.0,0.0,1
-1.5661069258891576,-0.4745451962498395,-0.4736736092984604,227.525,1.0,0.0,0.0,1.0,0.0,0.0,0.0,1.0,0.0,0.0,0.0,1.0,0.0,0.0,0.0,0.0,1
0.8273772438659699,-0.4745451962498395,-0.4736736092984604,7.65,0.0,1.0,0.0,1.0,0.0,0.0,0.0,0.0,0.0,1.0,0.0,0.0,1.0,0.0,0.0,0.0,0
-1.5661069258891576,-0.4745451962498395,-0.4736736092984604,56.9292,1.0,0.0,0.0,0.0,0.0,0.0,1.0,1.0,0.0,0.0,0.0,1.0,0.0,0.0,0.0,0.0,1
0.8273772438659699,-0.4745451962498395,-0.4736736092984604,7.75,0.0,1.0,0.0,0.0,0.0,0.0,1.0,0.0,1.0,0.0,0.0,0.0,1.0,0.0,0.0,0.0,0
-0.3693648410115938,0.4327933656785018,-0.4736736092984604,21.0,0.0,1.0,0.0,0.0,0.0,0.0,1.0,0.0,0.0,1.0,0.0,0.0,1.0,0.0,0.0,0.0,0
0.8273772438659699,-0.4745451962498395,-0.4736736092984604,7.25,0.0,1.0,0.0,0.0,0.0,0.0,1.0,0.0,0.0,1.0,0.0,0.0,1.0,0.0,0.0,0.0,0
-1.5661069258891576,-0.4745451962498395,-0.4736736092984604,26.55,0.0,1.0,0.0,0.0,0.0,1.0,0.0,0.0,0.0,1.0,0.0,0.0,1.0,0.0,0.0,0.0,0
0.8273772438659699,-0.4745451962498395,-0.4736736092984604,7.925,0.0,1.0,0.0,0.0,0.0,0.0,1.0,0.0,0.0,1.0,0.0,0.0,1.0,0.0,0.0,0.0,0
0.8273772438659699,-0.4745451962498395,-0.4736736092984604,7.2292,0.0,1.0,0.0,0.0,0.0,0.0,1.0,1.0,0.0,0.0,0.0,0.0,1.0,0.0,0.0,0.0,0
0.8273772438659699,-0.4745451962498395,-0.4736736092984604,8.05,0.0,1.0,0.0,0.0,1.0,0.0,0.0,0.0,0.0,1.0,0.0,0.0,1.0,0.0,0.0,0.0,0
0.8273772438659699,-0.4745451962498395,0.7676298785983874,9.35,1.0,0.0,1.0,0.0,0.0,0.0,0.0,0.0,0.0,1.0,0.0,0.0,0.0,1.0,0.0,0.0,1
-0.3693648410115938,0.4327933656785018,0.7676298785983874,29.0,1.0,0.0,0.0,0.0,0.0,0.0,1.0,0.0,0.0,1.0,0.0,0.0,0.0,1.0,0.0,0.0,1
-0.3693648410115938,1.3401319276068429,3.2502368543920834,18.75,1.0,0.0,0.0,0.0,0.0,0.0,1.0,0.0,0.0,1.0,0.0,0.0,0.0,1.0,0.0,0.0,1
-1.5661069258891576,-0.4745451962498395,-0.4736736092984604,26.2875,0.0,1.0,0.0,0.0,0.0,0.0,1.0,0.0,0.0,1.0,0.0,0.0,1.0,0.0,0.0,0.0,1
-0.3693648410115938,-0.4745451962498395,2.008933366495236,29.0,0.0,1.0,1.0,0.0,0.0,0.0,0.0,0.0,0.0,1.0,1.0,0.0,0.0,0.0,0.0,0.0,1
0.8273772438659699,-0.4745451962498395,-0.4736736092984604,7.75,1.0,0.0,0.0,0.0,0.0,0.0,1.0,0.0,1.0,0.0,0.0,1.0,0.0,0.0,0.0,0.0,1
0.8273772438659699,-0.4745451962498395,-0.4736736092984604,9.225,0.0,1.0,0.0,0.0,0.0,0.0,1.0,0.0,0.0,1.0,0.0,0.0,1.0,0.0,0.0,0.0,0
-1.5661069258891576,-0.4745451962498395,-0.4736736092984604,30.6958,0.0,1.0,0.0,0.0,1.0,0.0,0.0,1.0,0.0,0.0,0.0,0.0,1.0,0.0,0.0,0.0,0
0.8273772438659699,3.1548090514635256,0.7676298785983874,39.6875,0.0,1.0,1.0,0.0,0.0,0.0,0.0,0.0,0.0,1.0,0.0,0.0,1.0,0.0,0.0,0.0,0
0.8273772438659699,-0.4745451962498395,-0.4736736092984604,7.8958,0.0,1.0,0.0,0.0,0.0,0.0,1.0,0.0,0.0,1.0,0.0,0.0,1.0,0.0,0.0,0.0,0
-1.5661069258891576,0.4327933656785018,-0.4736736092984604,52.5542,0.0,1.0,0.0,1.0,0.0,0.0,0.0,0.0,0.0,1.0,0.0,0.0,1.0,0.0,0.0,0.0,1
-0.3693648410115938,-0.4745451962498395,-0.4736736092984604,13.5,1.0,0.0,0.0,1.0,0.0,0.0,0.0,0.0,0.0,1.0,0.0,0.0,0.0,1.0,0.0,0.0,1
-1.5661069258891576,-0.4745451962498395,-0.4736736092984604,26.3875,0.0,1.0,0.0,0.0,0.0,0.0,1.0,0.0,0.0,1.0,0.0,0.0,1.0,0.0,0.0,0.0,1
-1.5661069258891576,-0.4745451962498395,-0.4736736092984604,26.55,0.0,1.0,0.0,1.0,0.0,0.0,0.0,0.0,0.0,1.0,0.0,0.0,1.0,0.0,0.0,0.0,1
0.8273772438659699,-0.4745451962498395,-0.4736736092984604,7.775,1.0,0.0,0.0,0.0,0.0,0.0,1.0,0.0,0.0,1.0,0.0,1.0,0.0,0.0,0.0,0.0,0
0.8273772438659699,-0.4745451962498395,-0.4736736092984604,7.125,0.0,1.0,1.0,0.0,0.0,0.0,0.0,0.0,0.0,1.0,0.0,0.0,1.0,0.0,0.0,0.0,0
0.8273772438659699,0.4327933656785018,-0.4736736092984604,15.85,0.0,1.0,0.0,0.0,0.0,0.0,1.0,0.0,0.0,1.0,0.0,0.0,1.0,0.0,0.0,0.0,0
-1.5661069258891576,0.4327933656785018,-0.4736736092984604,78.2667,1.0,0.0,0.0,1.0,0.0,0.0,0.0,1.0,0.0,0.0,0.0,1.0,0.0,0.0,0.0,0.0,1
0.8273772438659699,0.4327933656785018,5.7328438301857805,31.275,1.0,0.0,0.0,0.0,0.0,0.0,1.0,0.0,0.0,1.0,0.0,0.0,0.0,1.0,0.0,0.0,0
0.8273772438659699,-0.4745451962498395,-0.4736736092984604,8.05,0.0,1.0,0.0,0.0,0.0,0.0,1.0,0.0,0.0,1.0,0.0,0.0,1.0,0.0,0.0,0.0,0
-0.3693648410115938,-0.4745451962498395,-0.4736736092984604,13.0,0.0,1.0,0.0,0.0,0.0,0.0,1.0,0.0,0.0,1.0,0.0,0.0,1.0,0.0,0.0,0.0,0
0.8273772438659699,-0.4745451962498395,-0.4736736092984604,6.4375,0.0,1.0,0.0,0.0,0.0,0.0,1.0,1.0,0.0,0.0,0.0,0.0,1.0,0.0,0.0,0.0,0
0.8273772438659699,-0.4745451962498395,-0.4736736092984604,8.05,0.0,1.0,0.0,0.0,0.0,0.0,1.0,0.0,0.0,1.0,0.0,0.0,1.0,0.0,0.0,0.0,0
-1.5661069258891576,-0.4745451962498395,-0.4736736092984604,26.55,0.0,1.0,0.0,1.0,0.0,0.0,0.0,0.0,0.0,1.0,0.0,0.0,1.0,0.0,0.0,0.0,1
0.8273772438659699,0.4327933656785018,2.008933366495236,23.45,1.0,0.0,0.0,0.0,1.0,0.0,0.0,0.0,0.0,1.0,0.0,1.0,0.0,0.0,0.0,0.0,0
0.8273772438659699,-0.4745451962498395,-0.4736736092984604,7.8958,0.0,1.0,0.0,0.0,0.0,0.0,1.0,0.0,0.0,1.0,0.0,0.0,1.0,0.0,0.0,0.0,0
-0.3693648410115938,-0.4745451962498395,-0.4736736092984604,13.8625,0.0,1.0,0.0,0.0,1.0,0.0,0.0,1.0,0.0,0.0,0.0,0.0,1.0,0.0,0.0,0.0,1
0.8273772438659699,-0.4745451962498395,-0.4736736092984604,8.05,0.0,1.0,0.0,1.0,0.0,0.0,0.0,0.0,0.0,1.0,0.0,0.0,1.0,0.0,0.0,0.0,0
-1.5661069258891576,-0.4745451962498395,0.7676298785983874,77.2875,0.0,1.0,0.0,1.0,0.0,0.0,0.0,0.0,0.0,1.0,0.0,0.0,1.0,0.0,0.0,0.0,0
0.8273772438659699,-0.4745451962498395,-0.4736736092984604,7.25,1.0,0.0,0.0,0.0,0.0,0.0,1.0,0.0,0.0,1.0,0.0,1.0,0.0,0.0,0.0,0.0,1
-1.5661069258891576,0.4327933656785018,-0.4736736092984604,108.9,0.0,1.0,1.0,0.0,0.0,0.0,0.0,1.0,0.0,0.0,0.0,0.0,1.0,0.0,0.0,0.0,0
0.8273772438659699,-0.4745451962498395,-0.4736736092984604,7.925,0.0,1.0,0.0,0.0,0.0,0.0,1.0,0.0,0.0,1.0,0.0,0.0,1.0,0.0,0.0,0.0,0
0.8273772438659699,-0.4745451962498395,0.7676298785983874,16.1,0.0,1.0,0.0,1.0,0.0,0.0,0.0,0.0,0.0,1.0,0.0,0.0,1.0,0.0,0.0,0.0,0
0.8273772438659699,0.4327933656785018,-0.4736736092984604,7.925,1.0,0.0,0.0,0.0,0.0,0.0,1.0,0.0,0.0,1.0,0.0,1.0,0.0,0.0,0.0,0.0,0
0.8273772438659699,2.247470489535184,0.7676298785983874,21.075,1.0,0.0,1.0,0.0,0.0,0.0,0.0,0.0,0.0,1.0,0.0,1.0,0.0,0.0,0.0,0.0,0
-1.5661069258891576,-0.4745451962498395,-0.4736736092984604,106.425,1.0,0.0,0.0,0.0,0.0,0.0,1.0,1.0,0.0,0.0,0.0,1.0,0.0,0.0,0.0,0.0,1
-0.3693648410115938,-0.4745451962498395,-0.4736736092984604,13.0,1.0,0.0,0.0,0.0,0.0,0.0,1.0,0.0,0.0,1.0,0.0,1.0,0.0,0.0,0.0,0.0,1
0.8273772438659699,-0.4745451962498395,-0.4736736092984604,9.8458,0.0,1.0,0.0,0.0,0.0,0.0,1.0,0.0,0.0,1.0,0.0,0.0,1.0,0.0,0.0,0.0,0
-0.3693648410115938,0.4327933656785018,-0.4736736092984604,26.0,1.0,0.0,0.0,0.0,0.0,0.0,1.0,0.0,0.0,1.0,0.0,0.0,0.0,1.0,0.0,0.0,1
-0.3693648410115938,-0.4745451962498395,-0.4736736092984604,13.0,0.0,1.0,0.0,1.0,0.0,0.0,0.0,0.0,0.0,1.0,0.0,0.0,0.0,0.0,1.0,0.0,0
0.8273772438659699,0.4327933656785018,-0.4736736092984604,14.4542,0.0,1.0,0.0,0.0,0.0,0.0,1.0,1.0,0.0,0.0,0.0,0.0,1.0,0.0,0.0,0.0,0
-0.3693648410115938,0.4327933656785018,-0.4736736092984604,26.0,0.0,1.0,0.0,0.0,0.0,0.0,1.0,0.0,0.0,1.0,0.0,0.0,1.0,0.0,0.0,0.0,0
-1.5661069258891576,-0.4745451962498395,-0.4736736092984604,86.5,1.0,0.0,0.0,0.0,0.0,0.0,1.0,0.0,0.0,1.0,0.0,0.0,0.0,0.0,0.0,1.0,1
-0.3693648410115938,0.4327933656785018,0.7676298785983874,26.0,0.0,1.0,1.0,0.0,0.0,0.0,0.0,0.0,0.0,1.0,1.0,0.0,0.0,0.0,0.0,0.0,1
-1.5661069258891576,-0.4745451962498395,-0.4736736092984604,93.5,1.0,0.0,0.0,0.0,0.0,0.0,1.0,0.0,0.0,1.0,0.0,1.0,0.0,0.0,0.0,0.0,1
-0.3693648410115938,0.4327933656785018,0.7676298785983874,39.0,1.0,0.0,0.0,0.0,0.0,0.0,1.0,0.0,0.0,1.0,0.0,0.0,0.0,1.0,0.0,0.0,1
0.8273772438659699,-0.4745451962498395,-0.4736736092984604,7.775,0.0,1.0,1.0,0.0,0.0,0.0,0.0,0.0,0.0,1.0,0.0,0.0,1.0,0.0,0.0,0.0,0
0.8273772438659699,-0.4745451962498395,-0.4736736092984604,7.2292,0.0,1.0,0.0,0.0,1.0,0.0,0.0,1.0,0.0,0.0,0.0,0.0,1.0,0.0,0.0,0.0,0
0.8273772438659699,0.4327933656785018,-0.4736736092984604,15.5,1.0,0.0,0.0,0.0,1.0,0.0,0.0,0.0,1.0,0.0,0.0,0.0,0.0,1.0,0.0,0.0,1
0.8273772438659699,0.4327933656785018,3.2502368543920834,34.375,1.0,0.0,0.0,1.0,0.0,0.0,0.0,0.0,0.0,1.0,0.0,0.0,0.0,1.0,0.0,0.0,0
0.8273772438659699,-0.4745451962498395,-0.4736736092984604,8.05,1.0,0.0,0.0,0.0,1.0,0.0,0.0,0.0,0.0,1.0,0.0,0.0,0.0,1.0,0.0,0.0,0
-1.5661069258891576,-0.4745451962498395,0.7676298785983874,211.3375,1.0,0.0,0.0,1.0,0.0,0.0,0.0,0.0,0.0,1.0,0.0,0.0,0.0,1.0,0.0,0.0,1
0.8273772438659699,-0.4745451962498395,-0.4736736092984604,56.4958,0.0,1.0,0.0,0.0,1.0,0.0,0.0,0.0,0.0,1.0,0.0,0.0,1.0,0.0,0.0,0.0,0
-1.5661069258891576,-0.4745451962498395,-0.4736736092984604,34.6542,0.0,1.0,0.0,0.0,0.0,1.0,0.0,1.0,0.0,0.0,0.0,0.0,1.0,0.0,0.0,0.0,0
0.8273772438659699,-0.4745451962498395,-0.4736736092984604,7.2292,0.0,1.0,0.0,0.0,1.0,0.0,0.0,1.0,0.0,0.0,0.0,0.0,1.0,0.0,0.0,0.0,1
0.8273772438659699,-0.4745451962498395,-0.4736736092984604,7.225,1.0,0.0,0.0,0.0,1.0,0.0,0.0,1.0,0.0,0.0,0.0,0.0,0.0,1.0,0.0,0.0,1
0.8273772438659699,-0.4745451962498395,-0.4736736092984604,6.75,1.0,0.0,1.0,0.0,0.0,0.0,0.0,0.0,1.0,0.0,0.0,1.0,0.0,0.0,0.0,0.0,0
0.8273772438659699,1.3401319276068429,0.7676298785983874,19.2583,1.0,0.0,1.0,0.0,0.0,0.0,0.0,1.0,0.0,0.0,0.0,1.0,0.0,0.0,0.0,0.0,1
-0.3693648410115938,0.4327933656785018,-0.4736736092984604,26.0,0.0,1.0,0.0,0.0,0.0,0.0,1.0,0.0,0.0,1.0,0.0,0.0,1.0,0.0,0.0,0.0,0
0.8273772438659699,0.4327933656785018,-0.4736736092984604,11.2417,1.0,0.0,1.0,0.0,0.0,0.0,0.0,1.0,0.0,0.0,0.0,1.0,0.0,0.0,0.0,0.0,1
-1.5661069258891576,-0.4745451962498395,-0.4736736092984604,86.5,1.0,0.0,0.0,0.0,0.0,0.0,1.0,0.0,0.0,1.0,0.0,1.0,0.0,0.0,0.0,0.0,1
0.8273772438659699,3.1548090514635256,2.008933366495236,31.275,1.0,0.0,1.0,0.0,0.0,0.0,0.0,0.0,0.0,1.0,0.0,1.0,0.0,0.0,0.0,0.0,0
0.8273772438659699,0.4327933656785018,6.974147318082628,46.9,1.0,0.0,0.0,1.0,0.0,0.0,0.0,0.0,0.0,1.0,0.0,0.0,0.0,1.0,0.0,0.0,0
0.8273772438659699,-0.4745451962498395,-0.4736736092984604,7.7958,0.0,1.0,0.0,0.0,0.0,0.0,1.0,0.0,0.0,1.0,0.0,0.0,1.0,0.0,0.0,0.0,0
-1.5661069258891576,-0.4745451962498395,-0.4736736092984604,512.3292,1.0,0.0,0.0,0.0,0.0,0.0,1.0,1.0,0.0,0.0,0.0,1.0,0.0,0.0,0.0,0.0,1
0.8273772438659699,3.1548090514635256,2.008933366495236,31.3875,0.0,1.0,1.0,0.0,0.0,0.0,0.0,0.0,0.0,1.0,1.0,0.0,0.0,0.0,0.0,0.0,0
-1.5661069258891576,-0.4745451962498395,0.7676298785983874,153.4625,0.0,1.0,0.0,0.0,0.0,0.0,1.0,0.0,0.0,1.0,0.0,0.0,1.0,0.0,0.0,0.0,0
0.8273772438659699,-0.4745451962498395,-0.4736736092984604,7.925,1.0,0.0,0.0,0.0,0.0,0.0,1.0,0.0,0.0,1.0,0.0,1.0,0.0,0.0,0.0,0.0,1
0.8273772438659699,0.4327933656785018,-0.4736736092984604,14.4542,0.0,1.0,0.0,0.0,0.0,0.0,1.0,1.0,0.0,0.0,0.0,0.0,1.0,0.0,0.0,0.0,0
-0.3693648410115938,-0.4745451962498395,-0.4736736092984604,26.0,0.0,1.0,0.0,0.0,0.0,0.0,1.0,0.0,0.0,1.0,0.0,0.0,1.0,0.0,0.0,0.0,0
-0.3693648410115938,0.4327933656785018,0.7676298785983874,36.75,0.0,1.0,1.0,0.0,0.0,0.0,0.0,0.0,0.0,1.0,1.0,0.0,0.0,0.0,0.0,0.0,1
-1.5661069258891576,-0.4745451962498395,-0.4736736092984604,26.2875,0.0,1.0,0.0,1.0,0.0,0.0,0.0,0.0,0.0,1.0,0.0,0.0,1.0,0.0,0.0,0.0,1
-1.5661069258891576,-0.4745451962498395,2.008933366495236,79.65,1.0,0.0,1.0,0.0,0.0,0.0,0.0,0.0,0.0,1.0,0.0,1.0,0.0,0.0,0.0,0.0,1
-1.5661069258891576,-0.4745451962498395,-0.4736736092984604,34.0208,0.0,1.0,0.0,1.0,0.0,0.0,0.0,0.0,0.0,1.0,0.0,0.0,1.0,0.0,0.0,0.0,0
0.8273772438659699,-0.4745451962498395,0.7676298785983874,13.4167,1.0,0.0,1.0,0.0,0.0,0.0,0.0,1.0,0.0,0.0,0.0,1.0,0.0,0.0,0.0,0.0,1
0.8273772438659699,0.4327933656785018,-0.4736736092984604,7.8542,1.0,0.0,0.0,0.0,0.0,0.0,1.0,0.0,0.0,1.0,0.0,1.0,0.0,0.0,0.0,0.0,1
0.8273772438659699,-0.4745451962498395,-0.4736736092984604,7.8958,0.0,1.0,0.0,0.0,0.0,0.0,1.0,0.0,0.0,1.0,0.0,0.0,1.0,0.0,0.0,0.0,0
-0.3693648410115938,0.4327933656785018,0.7676298785983874,26.0,1.0,0.0,1.0,0.0,0.0,0.0,0.0,0.0,0.0,1.0,0.0,1.0,0.0,0.0,0.0,0.0,1
-1.5661069258891576,-0.4745451962498395,-0.4736736092984604,25.925,0.0,1.0,0.0,0.0,1.0,0.0,0.0,0.0,0.0,1.0,0.0,0.0,1.0,0.0,0.0,0.0,0
-0.3693648410115938,-0.4745451962498395,2.008933366495236,13.0,1.0,0.0,1.0,0.0,0.0,0.0,0.0,0.0,0.0,1.0,0.0,1.0,0.0,0.0,0.0,0.0,1
-1.5661069258891576,0.4327933656785018,0.7676298785983874,79.65,0.0,1.0,0.0,1.0,0.0,0.0,0.0,0.0,0.0,1.0,0.0,0.0,1.0,0.0,0.0,0.0,0
-0.3693648410115938,0.4327933656785018,-0.4736736092984604,24.0,0.0,1.0,0.0,0.0,0.0,0.0,1.0,1.0,0.0,0.0,0.0,0.0,1.0,0.0,0.0,0.0,0
-0.3693648410115938,0.4327933656785018,-0.4736736092984604,21.0,0.0,1.0,0.0,0.0,0.0,0.0,1.0,0.0,0.0,1.0,0.0,0.0,1.0,0.0,0.0,0.0,0
0.8273772438659699,-0.4745451962498395,-0.4736736092984604,8.6625,0.0,1.0,0.0,0.0,1.0,0.0,0.0,0.0,0.0,1.0,0.0,0.0,1.0,0.0,0.0,0.0,0
0.8273772438659699,-0.4745451962498395,-0.4736736092984604,7.125,0.0,1.0,0.0,0.0,0.0,0.0,1.0,0.0,0.0,1.0,0.0,0.0,1.0,0.0,0.0,0.0,0
0.8273772438659699,-0.4745451962498395,-0.4736736092984604,8.6542,0.0,1.0,0.0,0.0,0.0,0.0,1.0,0.0,0.0,1.0,0.0,0.0,1.0,0.0,0.0,0.0,0
-0.3693648410115938,-0.4745451962498395,-0.4736736092984604,10.5,1.0,0.0,0.0,1.0,0.0,0.0,0.0,0.0,0.0,1.0,0.0,1.0,0.0,0.0,0.0,0.0,1
-0.3693648410115938,-0.4745451962498395,2.008933366495236,14.5,1.0,0.0,0.0,0.0,0.0,0.0,1.0,0.0,0.0,1.0,0.0,0.0,0.0,1.0,0.0,0.0,1
-1.5661069258891576,0.4327933656785018,-0.4736736092984604,77.9583,1.0,0.0,0.0,0.0,0.0,1.0,0.0,0.0,0.0,1.0,0.0,1.0,0.0,0.0,0.0,0.0,1
-0.3693648410115938,0.4327933656785018,0.7676298785983874,26.0,0.0,1.0,1.0,0.0,0.0,0.0,0.0,0.0,0.0,1.0,1.0,0.0,0.0,0.0,0.0,0.0,1
-0.3693648410115938,-0.4745451962498395,2.008933366495236,26.0,0.0,1.0,0.0,0.0,0.0,0.0,1.0,0.0,0.0,1.0,0.0,0.0,1.0,0.0,0.0,0.0,0
0.8273772438659699,-0.4745451962498395,-0.4736736092984604,7.8958,0.0,1.0,0.0,0.0,1.0,0.0,0.0,0.0,0.0,1.0,0.0,0.0,1.0,0.0,0.0,0.0,0
-0.3693648410115938,-0.4745451962498395,-0.4736736092984604,13.0,0.0,1.0,0.0,1.0,0.0,0.0,0.0,0.0,0.0,1.0,0.0,0.0,1.0,0.0,0.0,0.0,0
-1.5661069258891576,0.4327933656785018,-0.4736736092984604,53.1,0.0,1.0,0.0,0.0,0.0,0.0,1.0,0.0,0.0,1.0,0.0,0.0,1.0,0.0,0.0,0.0,1
-0.3693648410115938,-0.4745451962498395,2.008933366495236,26.0,1.0,0.0,0.0,0.0,0.0,0.0,1.0,0.0,0.0,1.0,0.0,0.0,0.0,1.0,0.0,0.0,1
-0.3693648410115938,0.4327933656785018,2.008933366495236,27.75,1.0,0.0,0.0,0.0,0.0,0.0,1.0,0.0,0.0,1.0,0.0,0.0,0.0,1.0,0.0,0.0,1
-0.3693648410115938,1.3401319276068429,0.7676298785983874,11.5,0.0,1.0,0.0,0.0,0.0,0.0,1.0,0.0,0.0,1.0,0.0,0.0,1.0,0.0,0.0,0.0,0
-1.5661069258891576,-0.4745451962498395,-0.4736736092984604,33.5,0.0,1.0,0.0,0.0,0.0,1.0,0.0,0.0,0.0,1.0,0.0,0.0,1.0,0.0,0.0,0.0,0
0.8273772438659699,-0.4745451962498395,-0.4736736092984604,7.75,0.0,1.0,0.0,0.0,1.0,0.0,0.0,0.0,1.0,0.0,0.0,0.0,1.0,0.0,0.0,0.0,0
-1.5661069258891576,0.4327933656785018,-0.4736736092984604,52.0,0.0,1.0,0.0,1.0,0.0,0.0,0.0,0.0,0.0,1.0,0.0,0.0,1.0,0.0,0.0,0.0,1
0.8273772438659699,-0.4745451962498395,-0.4736736092984604,8.05,0.0,1.0,0.0,1.0,0.0,0.0,0.0,0.0,0.0,1.0,0.0,0.0,1.0,0.0,0.0,0.0,0
-0.3693648410115938,-0.4745451962498395,-0.4736736092984604,26.0,0.0,1.0,1.0,0.0,0.0,0.0,0.0,0.0,0.0,1.0,0.0,0.0,1.0,0.0,0.0,0.0,0
0.8273772438659699,-0.4745451962498395,-0.4736736092984604,7.8542,1.0,0.0,0.0,0.0,0.0,0.0,1.0,0.0,0.0,1.0,0.0,1.0,0.0,0.0,0.0,0.0,1
0.8273772438659699,-0.4745451962498395,-0.4736736092984604,7.8958,0.0,1.0,0.0,0.0,0.0,0.0,1.0,0.0,0.0,1.0,0.0,0.0,1.0,0.0,0.0,0.0,0
-0.3693648410115938,-0.4745451962498395,-0.4736736092984604,13.5,0.0,1.0,0.0,0.0,0.0,0.0,1.0,0.0,0.0,1.0,0.0,0.0,1.0,0.0,0.0,0.0,0
0.8273772438659699,-0.4745451962498395,-0.4736736092984604,7.05,0.0,1.0,0.0,0.0,0.0,0.0,1.0,0.0,0.0,1.0,0.0,0.0,1.0,0.0,0.0,0.0,0
0.8273772438659699,0.4327933656785018,0.7676298785983874,15.2458,0.0,1.0,0.0,0.0,1.0,0.0,0.0,1.0,0.0,0.0,1.0,0.0,0.0,0.0,0.0,0.0,1
-1.5661069258891576,-0.4745451962498395,2.008933366495236,81.8583,0.0,1.0,1.0,0.0,0.0,0.0,0.0,0.0,0.0,1.0,1.0,0.0,0.0,0.0,0.0,0.0,1
0.8273772438659699,-0.4745451962498395,-0.4736736092984604,7.225,0.0,1.0,0.0,0.0,0.0,0.0,1.0,1.0,0.0,0.0,0.0,0.0,1.0,0.0,0.0,0.0,0
0.8273772438659699,0.4327933656785018,-0.4736736092984604,6.4958,0.0,1.0,1.0,0.0,0.0,0.0,0.0,0.0,0.0,1.0,0.0,0.0,1.0,0.0,0.0,0.0,0
-1.5661069258891576,-0.4745451962498395,-0.4736736092984604,227.525,0.0,1.0,0.0,0.0,1.0,0.0,0.0,1.0,0.0,0.0,0.0,0.0,1.0,0.0,0.0,0.0,0
-1.5661069258891576,0.4327933656785018,-0.4736736092984604,59.4,1.0,0.0,0.0,1.0,0.0,0.0,0.0,1.0,0.0,0.0,0.0,0.0,0.0,1.0,0.0,0.0,1
0.8273772438659699,-0.4745451962498395,-0.4736736092984604,56.4958,0.0,1.0,0.0,0.0,0.0,0.0,1.0,0.0,0.0,1.0,0.0,0.0,1.0,0.0,0.0,0.0,0
0.8273772438659699,-0.4745451962498395,-0.4736736092984604,7.8958,1.0,0.0,0.0,0.0,0.0,0.0,1.0,0.0,0.0,1.0,0.0,1.0,0.0,0.0,0.0,0.0,0
-1.5661069258891576,-0.4745451962498395,2.008933366495236,164.8667,1.0,0.0,0.0,0.0,0.0,0.0,1.0,0.0,0.0,1.0,0.0,1.0,0.0,0.0,0.0,0.0,1
-0.3693648410115938,0.4327933656785018,2.008933366495236,27.75,1.0,0.0,1.0,0.0,0.0,0.0,0.0,0.0,0.0,1.0,0.0,1.0,0.0,0.0,0.0,0.0,1
0.8273772438659699,-0.4745451962498395,-0.4736736092984604,8.6833,1.0,0.0,0.0,0.0,0.0,0.0,1.0,0.0,0.0,1.0,0.0,0.0,0.0,1.0,0.0,0.0,1
-1.5661069258891576,0.4327933656785018,-0.4736736092984604,77.9583,1.0,0.0,0.0,1.0,0.0,0.0,0.0,0.0,0.0,1.0,0.0,0.0,0.0,1.0,0.0,0.0,1
-0.3693648410115938,0.4327933656785018,0.7676298785983874,30.0,1.0,0.0,0.0,0.0,0.0,0.0,1.0,0.0,0.0,1.0,0.0,1.0,0.0,0.0,0.0,0.0,1
-0.3693648410115938,-0.4745451962498395,-0.4736736092984604,13.0,0.0,1.0,0.0,0.0,0.0,0.0,1.0,0.0,0.0,1.0,0.0,0.0,1.0,0.0,0.0,0.0,0
-1.5661069258891576,-0.4745451962498395,0.7676298785983874,29.7,0.0,1.0,0.0,0.0,0.0,0.0,1.0,1.0,0.0,0.0,0.0,0.0,1.0,0.0,0.0,0.0,0
-0.3693648410115938,0.4327933656785018,-0.4736736092984604,26.0,0.0,1.0,0.0,0.0,0.0,0.0,1.0,0.0,0.0,1.0,0.0,0.0,1.0,0.0,0.0,0.0,0
0.8273772438659699,0.4327933656785018,2.008933366495236,20.575,0.0,1.0,0.0,0.0,0.0,0.0,1.0,0.0,0.0,1.0,0.0,0.0,1.0,0.0,0.0,0.0,0
0.8273772438659699,-0.4745451962498395,-0.4736736092984604,8.05,0.0,1.0,0.0,0.0,1.0,0.0,0.0,0.0,0.0,1.0,0.0,0.0,1.0,0.0,0.0,0.0,0
-0.3693648410115938,-0.4745451962498395,-0.4736736092984604,10.5,1.0,0.0,1.0,0.0,0.0,0.0,0.0,0.0,0.0,1.0,0.0,1.0,0.0,0.0,0.0,0.0,1
-1.5661069258891576,-0.4745451962498395,-0.4736736092984604,78.85,1.0,0.0,0.0,0.0,0.0,0.0,1.0,0.0,0.0,1.0,0.0,1.0,0.0,0.0,0.0,0.0,1
-1.5661069258891576,0.4327933656785018,-0.4736736092984604,78.2667,1.0,0.0,0.0,1.0,0.0,0.0,0.0,1.0,0.0,0.0,0.0,0.0,0.0,1.0,0.0,0.0,1
0.8273772438659699,-0.4745451962498395,-0.4736736092984604,8.05,0.0,1.0,0.0,1.0,0.0,0.0,0.0,0.0,0.0,1.0,0.0,0.0,1.0,0.0,0.0,0.0,0
-1.5661069258891576,-0.4745451962498395,-0.4736736092984604,0.0,0.0,1.0,0.0,0.0,0.0,0.0,1.0,0.0,0.0,1.0,0.0,0.0,1.0,0.0,0.0,0.0,0
0.8273772438659699,-0.4745451962498395,-0.4736736092984604,10.5167,1.0,0.0,0.0,0.0,0.0,0.0,1.0,0.0,0.0,1.0,0.0,1.0,0.0,0.0,0.0,0.0,0
-0.3693648410115938,-0.4745451962498395,-0.4736736092984604,13.0,1.0,0.0,0.0,0.0,0.0,0.0,1.0,0.0,0.0,1.0,0.0,1.0,0.0,0.0,0.0,0.0,0
0.8273772438659699,-0.4745451962498395,-0.4736736092984604,6.4958,0.0,1.0,0.0,0.0,0.0,0.0,1.0,0.0,0.0,1.0,0.0,0.0,1.0,0.0,0.0,0.0,0
0.8273772438659699,-0.4745451962498395,-0.4736736092984604,24.15,0.0,1.0,0.0,0.0,1.0,0.0,0.0,0.0,1.0,0.0,0.0,0.0,1.0,0.0,0.0,0.0,0
0.8273772438659699,3.1548090514635256,2.008933366495236,31.3875,1.0,0.0,1.0,0.0,0.0,0.0,0.0,0.0,0.0,1.0,0.0,1.0,0.0,0.0,0.0,0.0,1
0.8273772438659699,1.3401319276068429,-0.4736736092984604,23.25,0.0,1.0,0.0,0.0,1.0,0.0,0.0,0.0,1.0,0.0,0.0,0.0,1.0,0.0,0.0,0.0,1
-1.5661069258891576,-0.4745451962498395,-0.4736736092984604,29.7,0.0,1.0,0.0,1.0,0.0,0.0,0.0,1.0,0.0,0.0,0.0,0.0,1.0,0.0,0.0,0.0,0
-1.5661069258891576,-0.4745451962498395,2.008933366495236,113.275,0.0,1.0,0.0,1.0,0.0,0.0,0.0,1.0,0.0,0.0,0.0,0.0,1.0,0.0,0.0,0.0,0
0.8273772438659699,-0.4745451962498395,2.008933366495236,24.15,1.0,0.0,1.0,0.0,0.0,0.0,0.0,0.0,0.0,1.0,0.0,1.0,0.0,0.0,0.0,0.0,0
0.8273772438659699,-0.4745451962498395,-0.4736736092984604,7.225,0.0,1.0,0.0,0.0,1.0,0.0,0.0,1.0,0.0,0.0,0.0,0.0,1.0,0.0,0.0,0.0,0
0.8273772438659699,2.247470489535184,0.7676298785983874,25.4667,1.0,0.0,0.0,0.0,1.0,0.0,0.0,0.0,0.0,1.0,0.0,1.0,0.0,0.0,0.0,0.0,0
0.8273772438659699,1.3401319276068429,0.7676298785983874,19.2583,1.0,0.0,1.0,0.0,0.0,0.0,0.0,1.0,0.0,0.0,0.0,1.0,0.0,0.0,0.0,0.0,1
0.8273772438659699,-0.4745451962498395,-0.4736736092984604,7.8958,0.0,1.0,0.0,0.0,1.0,0.0,0.0,1.0,0.0,0.0,0.0,0.0,1.0,0.0,0.0,0.0,0
-1.5661069258891576,-0.4745451962498395,-0.4736736092984604,52.0,0.0,1.0,0.0,0.0,1.0,0.0,0.0,0.0,0.0,1.0,0.0,0.0,1.0,0.0,0.0,0.0,0
-1.5661069258891576,-0.4745451962498395,-0.4736736092984604,30.0,0.0,1.0,0.0,0.0,0.0,0.0,1.0,1.0,0.0,0.0,0.0,0.0,1.0,0.0,0.0,0.0,1
-1.5661069258891576,-0.4745451962498395,0.7676298785983874,55.0,1.0,0.0,0.0,0.0,0.0,0.0,1.0,0.0,0.0,1.0,0.0,1.0,0.0,0.0,0.0,0.0,1
0.8273772438659699,-0.4745451962498395,-0.4736736092984604,7.75,0.0,1.0,0.0,0.0,0.0,1.0,0.0,0.0,1.0,0.0,0.0,0.0,1.0,0.0,0.0,0.0,0
0.8273772438659699,-0.4745451962498395,-0.4736736092984604,7.75,1.0,0.0,0.0,0.0,1.0,0.0,0.0,0.0,1.0,0.0,0.0,1.0,0.0,0.0,0.0,0.0,1
0.8273772438659699,-0.4745451962498395,2.008933366495236,14.5,0.0,1.0,0.0,1.0,0.0,0.0,0.0,0.0,0.0,1.0,0.0,0.0,1.0,0.0,0.0,0.0,0
0.8273772438659699,-0.4745451962498395,-0.4736736092984604,7.25,0.0,1.0,0.0,0.0,0.0,0.0,1.0,0.0,0.0,1.0,0.0,0.0,1.0,0.0,0.0,0.0,0
0.8273772438659699,-0.4745451962498395,-0.4736736092984604,8.05,0.0,1.0,0.0,0.0,0.0,0.0,1.0,0.0,0.0,1.0,0.0,0.0,1.0,0.0,0.0,0.0,0
0.8273772438659699,0.4327933656785018,0.7676298785983874,24.15,0.0,1.0,0.0,0.0,0.0,0.0,1.0,0.0,0.0,1.0,0.0,0.0,1.0,0.0,0.0,0.0,0
0.8273772438659699,-0.4745451962498395,5.7328438301857805,29.125,1.0,0.0,0.0,0.0,0.0,0.0,1.0,0.0,1.0,0.0,0.0,0.0,0.0,1.0,0.0,0.0,0
0.8273772438659699,3.1548090514635256,2.008933366495236,31.275,1.0,0.0,1.0,0.0,0.0,0.0,0.0,0.0,0.0,1.0,0.0,1.0,0.0,0.0,0.0,0.0,0
0.8273772438659699,-0.4745451962498395,-0.4736736092984604,9.8417,1.0,0.0,1.0,0.0,0.0,0.0,0.0,0.0,0.0,1.0,0.0,1.0,0.0,0.0,0.0,0.0,1
0.8273772438659699,2.247470489535184,0.7676298785983874,25.4667,0.0,1.0,0.0,0.0,1.0,0.0,0.0,0.0,0.0,1.0,1.0,0.0,0.0,0.0,0.0,0.0,0
0.8273772438659699,-0.4745451962498395,-0.4736736092984604,7.775,0.0,1.0,0.0,0.0,0.0,0.0,1.0,0.0,0.0,1.0,0.0,0.0,1.0,0.0,0.0,0.0,0
-1.5661069258891576,0.4327933656785018,-0.4736736092984604,66.6,1.0,0.0,0.0,0.0,0.0,0.0,1.0,0.0,0.0,1.0,0.0,0.0,0.0,1.0,0.0,0.0,1
0.8273772438659699,-0.4745451962498395,-0.4736736092984604,7.75,0.0,1.0,0.0,0.0,1.0,0.0,0.0,0.0,1.0,0.0,0.0,0.0,1.0,0.0,0.0,0.0,0
0.8273772438659699,-0.4745451962498395,-0.4736736092984604,7.225,0.0,1.0,0.0,0.0,1.0,0.0,0.0,1.0,0.0,0.0,0.0,0.0,1.0,0.0,0.0,0.0,0
-1.5661069258891576,-0.4745451962498395,-0.4736736092984604,26.55,0.0,1.0,0.0,0.0,0.0,0.0,1.0,0.0,0.0,1.0,0.0,0.0,1.0,0.0,0.0,0.0,1
-1.5661069258891576,-0.4745451962498395,-0.4736736092984604,30.5,0.0,1.0,0.0,0.0,0.0,0.0,1.0,1.0,0.0,0.0,0.0,0.0,0.0,0.0,1.0,0.0,1
0.8273772438659699,-0.4745451962498395,-0.4736736092984604,7.75,0.0,1.0,0.0,0.0,1.0,0.0,0.0,0.0,1.0,0.0,0.0,0.0,1.0,0.0,0.0,0.0,0
0.8273772438659699,0.4327933656785018,-0.4736736092984604,7.775,0.0,1.0,0.0,0.0,0.0,0.0,1.0,0.0,0.0,1.0,0.0,0.0,1.0,0.0,0.0,0.0,1
0.8273772438659699,-0.4745451962498395,-0.4736736092984604,7.8958,0.0,1.0,0.0,0.0,0.0,0.0,1.0,0.0,0.0,1.0,0.0,0.0,1.0,0.0,0.0,0.0,0
0.8273772438659699,-0.4745451962498395,-0.4736736092984604,7.8542,0.0,1.0,0.0,0.0,0.0,0.0,1.0,0.0,0.0,1.0,0.0,0.0,1.0,0.0,0.0,0.0,0
0.8273772438659699,-0.4745451962498395,-0.4736736092984604,9.5,0.0,1.0,1.0,0.0,0.0,0.0,0.0,0.0,0.0,1.0,0.0,0.0,1.0,0.0,0.0,0.0,0
0.8273772438659699,-0.4745451962498395,-0.4736736092984604,8.05,0.0,1.0,0.0,0.0,1.0,0.0,0.0,0.0,0.0,1.0,0.0,0.0,1.0,0.0,0.0,0.0,0
0.8273772438659699,-0.4745451962498395,-0.4736736092984604,7.8292,1.0,0.0,0.0,0.0,1.0,0.0,0.0,0.0,1.0,0.0,0.0,1.0,0.0,0.0,0.0,0.0,1
-0.3693648410115938,-0.4745451962498395,-0.4736736092984604,10.5,0.0,1.0,0.0,0.0,0.0,0.0,1.0,0.0,0.0,1.0,0.0,0.0,1.0,0.0,0.0,0.0,1
-0.3693648410115938,-0.4745451962498395,-0.4736736092984604,13.0,1.0,0.0,0.0,0.0,0.0,0.0,1.0,0.0,0.0,1.0,0.0,1.0,0.0,0.0,0.0,0.0,1
0.8273772438659699,-0.4745451962498395,-0.4736736092984604,7.75,0.0,1.0,0.0,0.0,0.0,0.0,1.0,0.0,1.0,0.0,0.0,0.0,1.0,0.0,0.0,0.0,1
0.8273772438659699,6.784163299176892,2.008933366495236,69.55,0.0,1.0,0.0,0.0,1.0,0.0,0.0,0.0,0.0,1.0,0.0,0.0,1.0,0.0,0.0,0.0,0
0.8273772438659699,0.4327933656785018,0.7676298785983874,16.7,1.0,0.0,1.0,0.0,0.0,0.0,0.0,0.0,0.0,1.0,0.0,1.0,0.0,0.0,0.0,0.0,1
-1.5661069258891576,-0.4745451962498395,-0.4736736092984604,30.5,0.0,1.0,0.0,1.0,0.0,0.0,0.0,0.0,0.0,1.0,0.0,0.0,1.0,0.0,0.0,0.0,0
0.8273772438659699,-0.4745451962498395,2.008933366495236,15.2458,1.0,0.0,0.0,0.0,0.0,0.0,1.0,1.0,0.0,0.0,0.0,0.0,0.0,1.0,0.0,0.0,1
0.8273772438659699,1.3401319276068429,-0.4736736092984604,8.6625,0.0,1.0,0.0,0.0,0.0,0.0,1.0,0.0,0.0,1.0,0.0,0.0,1.0,0.0,0.0,0.0,0
0.8273772438659699,-0.4745451962498395,-0.4736736092984604,8.05,0.0,1.0,0.0,0.0,0.0,0.0,1.0,0.0,0.0,1.0,0.0,0.0,1.0,0.0,0.0,0.0,0
0.8273772438659699,0.4327933656785018,-0.4736736092984604,7.0458,0.0,1.0,0.0,0.0,0.0,0.0,1.0,0.0,0.0,1.0,0.0,0.0,1.0,0.0,0.0,0.0,0
-1.5661069258891576,-0.4745451962498395,-0.4736736092984604,30.0,0.0,1.0,0.0,0.0,0.0,0.0,1.0,0.0,0.0,1.0,0.0,0.0,1.0,0.0,0.0,0.0,0
0.8273772438659699,-0.4745451962498395,-0.4736736092984604,7.225,0.0,1.0,0.0,0.0,0.0,0.0,1.0,1.0,0.0,0.0,0.0,0.0,1.0,0.0,0.0,0.0,0
0.8273772438659699,-0.4745451962498395,-0.4736736092984604,8.6625,1.0,0.0,0.0,0.0,0.0,0.0,1.0,0.0,0.0,1.0,0.0,1.0,0.0,0.0,0.0,0.0,0
0.8273772438659699,-0.4745451962498395,-0.4736736092984604,7.8958,0.0,1.0,0.0,0.0,0.0,0.0,1.0,1.0,0.0,0.0,0.0,0.0,1.0,0.0,0.0,0.0,0
0.8273772438659699,-0.4745451962498395,0.7676298785983874,12.2875,1.0,0.0,1.0,0.0,0.0,0.0,0.0,0.0,0.0,1.0,0.0,1.0,0.0,0.0,0.0,0.0,1
-1.5661069258891576,-0.4745451962498395,-0.4736736092984604,146.5208,1.0,0.0,0.0,1.0,0.0,0.0,0.0,1.0,0.0,0.0,0.0,1.0,0.0,0.0,0.0,0.0,1
0.8273772438659699,-0.4745451962498395,0.7676298785983874,14.4542,1.0,0.0,0.0,1.0,0.0,0.0,0.0,1.0,0.0,0.0,0.0,0.0,0.0,1.0,0.0,0.0,0
0.8273772438659699,-0.4745451962498395,-0.4736736092984604,7.8958,0.0,1.0,0.0,0.0,1.0,0.0,0.0,0.0,0.0,1.0,0.0,0.0,1.0,0.0,0.0,0.0,0
-1.5661069258891576,0.4327933656785018,2.008933366495236,151.55,1.0,0.0,1.0,0.0,0.0,0.0,0.0,0.0,0.0,1.0,0.0,1.0,0.0,0.0,0.0,0.0,0
-0.3693648410115938,-0.4745451962498395,-0.4736736092984604,13.0,0.0,1.0,0.0,1.0,0.0,0.0,0.0,0.0,0.0,1.0,0.0,0.0,1.0,0.0,0.0,0.0,1
-1.5661069258891576,2.247470489535184,2.008933366495236,263.0,1.0,0.0,0.0,0.0,0.0,0.0,1.0,0.0,0.0,1.0,0.0,1.0,0.0,0.0,0.0,0.0,1
0.8273772438659699,-0.4745451962498395,-0.4736736092984604,7.05,0.0,1.0,0.0,0.0,0.0,0.0,1.0,0.0,0.0,1.0,0.0,0.0,1.0,0.0,0.0,0.0,0
-0.3693648410115938,-0.4745451962498395,-0.4736736092984604,0.0,0.0,1.0,0.0,0.0,1.0,0.0,0.0,0.0,0.0,1.0,0.0,0.0,1.0,0.0,0.0,0.0,0
0.8273772438659699,4.062147613391868,2.008933366495236,46.9,0.0,1.0,1.0,0.0,0.0,0.0,0.0,0.0,0.0,1.0,1.0,0.0,0.0,0.0,0.0,0.0,0
-1.5661069258891576,0.4327933656785018,-0.4736736092984604,53.1,1.0,0.0,0.0,0.0,0.0,0.0,1.0,0.0,0.0,1.0,0.0,0.0,0.0,1.0,0.0,0.0,1
0.8273772438659699,-0.4745451962498395,-0.4736736092984604,9.5,0.0,1.0,0.0,0.0,0.0,0.0,1.0,0.0,0.0,1.0,0.0,0.0,1.0,0.0,0.0,0.0,0
-1.5661069258891576,-0.4745451962498395,-0.4736736092984604,0.0,0.0,1.0,0.0,0.0,1.0,0.0,0.0,0.0,0.0,1.0,0.0,0.0,1.0,0.0,0.0,0.0,0
0.8273772438659699,-0.4745451962498395,-0.4736736092984604,8.05,0.0,1.0,0.0,0.0,0.0,0.0,1.0,0.0,0.0,1.0,0.0,0.0,1.0,0.0,0.0,0.0,0
0.8273772438659699,-0.4745451962498395,-0.4736736092984604,7.925,1.0,0.0,0.0,0.0,0.0,0.0,1.0,0.0,0.0,1.0,0.0,1.0,0.0,0.0,0.0,0.0,1
-0.3693648410115938,-0.4745451962498395,-0.4736736092984604,10.5,1.0,0.0,0.0,1.0,0.0,0.0,0.0,0.0,0.0,1.0,0.0,1.0,0.0,0.0,0.0,0.0,1
0.8273772438659699,-0.4745451962498395,-0.4736736092984604,9.5,0.0,1.0,0.0,0.0,0.0,0.0,1.0,0.0,0.0,1.0,0.0,0.0,1.0,0.0,0.0,0.0,0
0.8273772438659699,-0.4745451962498395,-0.4736736092984604,22.525,0.0,1.0,0.0,0.0,0.0,0.0,1.0,0.0,0.0,1.0,0.0,0.0,1.0,0.0,0.0,0.0,0
0.8273772438659699,-0.4745451962498395,-0.4736736092984604,14.4583,0.0,1.0,0.0,0.0,1.0,0.0,0.0,1.0,0.0,0.0,0.0,0.0,1.0,0.0,0.0,0.0,0
0.8273772438659699,-0.4745451962498395,-0.4736736092984604,7.875,0.0,1.0,0.0,0.0,0.0,0.0,1.0,0.0,0.0,1.0,0.0,0.0,1.0,0.0,0.0,0.0,0
-1.5661069258891576,-0.4745451962498395,-0.4736736092984604,27.7208,0.0,1.0,0.0,0.0,0.0,0.0,1.0,1.0,0.0,0.0,0.0,0.0,0.0,0.0,0.0,1.0,0
0.8273772438659699,0.4327933656785018,0.7676298785983874,11.1333,0.0,1.0,1.0,0.0,0.0,0.0,0.0,0.0,0.0,1.0,1.0,0.0,0.0,0.0,0.0,0.0,1
0.8273772438659699,-0.4745451962498395,-0.4736736092984604,8.4333,0.0,1.0,0.0,0.0,0.0,0.0,1.0,0.0,0.0,1.0,0.0,0.0,1.0,0.0,0.0,0.0,0
-1.5661069258891576,-0.4745451962498395,-0.4736736092984604,26.0,0.0,1.0,0.0,0.0,0.0,1.0,0.0,0.0,0.0,1.0,0.0,0.0,1.0,0.0,0.0,0.0,0
-1.5661069258891576,-0.4745451962498395,-0.4736736092984604,151.55,1.0,0.0,0.0,0.0,0.0,0.0,1.0,0.0,0.0,1.0,0.0,1.0,0.0,0.0,0.0,0.0,1
-1.5661069258891576,0.4327933656785018,2.008933366495236,120.0,1.0,0.0,0.0,0.0,0.0,0.0,1.0,0.0,0.0,1.0,0.0,0.0,0.0,1.0,0.0,0.0,1
-0.3693648410115938,-0.4745451962498395,-0.4736736092984604,13.5,0.0,1.0,0.0,1.0,0.0,0.0,0.0,0.0,0.0,1.0,0.0,0.0,1.0,0.0,0.0,0.0,0
-0.3693648410115938,-0.4745451962498395,-0.4736736092984604,10.5,0.0,1.0,0.0,0.0,0.0,0.0,1.0,0.0,0.0,1.0,0.0,0.0,1.0,0.0,0.0,0.0,0
-0.3693648410115938,0.4327933656785018,-0.4736736092984604,26.0,0.0,1.0,0.0,1.0,0.0,0.0,0.0,0.0,0.0,1.0,0.0,0.0,0.0,0.0,1.0,0.0,0
-0.3693648410115938,-0.4745451962498395,-0.4736736092984604,13.0,1.0,0.0,0.0,0.0,0.0,0.0,1.0,0.0,0.0,1.0,0.0,1.0,0.0,0.0,0.0,0.0,1
-0.3693648410115938,-0.4745451962498395,0.7676298785983874,26.0,1.0,0.0,0.0,0.0,0.0,0.0,1.0,0.0,0.0,1.0,0.0,0.0,0.0,1.0,0.0,0.0,1
0.8273772438659699,-0.4745451962498395,-0.4736736092984604,7.8958,0.0,1.0,0.0,0.0,0.0,0.0,1.0,1.0,0.0,0.0,0.0,0.0,1.0,0.0,0.0,0.0,1
-0.3693648410115938,-0.4745451962498395,-0.4736736092984604,10.5,0.0,1.0,0.0,0.0,0.0,0.0,1.0,0.0,0.0,1.0,0.0,0.0,0.0,0.0,1.0,0.0,0
-1.5661069258891576,0.4327933656785018,0.7676298785983874,110.8833,0.0,1.0,0.0,1.0,0.0,0.0,0.0,1.0,0.0,0.0,0.0,0.0,1.0,0.0,0.0,0.0,0
0.8273772438659699,-0.4745451962498395,-0.4736736092984604,9.4833,0.0,1.0,0.0,0.0,0.0,0.0,1.0,0.0,0.0,1.0,0.0,0.0,1.0,0.0,0.0,0.0,0
0.8273772438659699,-0.4745451962498395,-0.4736736092984604,7.8875,0.0,1.0,0.0,0.0,0.0,0.0,1.0,0.0,0.0,1.0,0.0,0.0,1.0,0.0,0.0,0.0,0
0.8273772438659699,-0.4745451962498395,-0.4736736092984604,7.25,0.0,1.0,0.0,0.0,0.0,0.0,1.0,0.0,0.0,1.0,0.0,0.0,1.0,0.0,0.0,0.0,0
0.8273772438659699,-0.4745451962498395,-0.4736736092984604,7.8792,1.0,0.0,0.0,0.0,1.0,0.0,0.0,0.0,1.0,0.0,0.0,1.0,0.0,0.0,0.0,0.0,1
-0.3693648410115938,-0.4745451962498395,-0.4736736092984604,10.5,0.0,1.0,0.0,0.0,0.0,0.0,1.0,0.0,0.0,1.0,0.0,0.0,1.0,0.0,0.0,0.0,0
0.8273772438659699,-0.4745451962498395,0.7676298785983874,8.5167,0.0,1.0,1.0,0.0,0.0,0.0,0.0,1.0,0.0,0.0,1.0,0.0,0.0,0.0,0.0,0.0,1
0.8273772438659699,-0.4745451962498395,-0.4736736092984604,7.925,0.0,1.0,0.0,0.0,0.0,0.0,1.0,0.0,0.0,1.0,0.0,0.0,1.0,0.0,0.0,0.0,1
0.8273772438659699,-0.4745451962498395,-0.4736736092984604,7.7333,0.0,1.0,0.0,0.0,0.0,0.0,1.0,0.0,1.0,0.0,0.0,0.0,1.0,0.0,0.0,0.0,0
-0.3693648410115938,0.4327933656785018,-0.4736736092984604,26.0,0.0,1.0,0.0,0.0,0.0,0.0,1.0,0.0,0.0,1.0,0.0,0.0,1.0,0.0,0.0,0.0,1
0.8273772438659699,-0.4745451962498395,-0.4736736092984604,7.8958,0.0,1.0,0.0,0.0,1.0,0.0,0.0,0.0,0.0,1.0,0.0,0.0,1.0,0.0,0.0,0.0,0
0.8273772438659699,-0.4745451962498395,-0.4736736092984604,7.75,0.0,1.0,0.0,1.0,0.0,0.0,0.0,0.0,1.0,0.0,0.0,0.0,1.0,0.0,0.0,0.0,0
-0.3693648410115938,0.4327933656785018,0.7676298785983874,23.0,1.0,0.0,1.0,0.0,0.0,0.0,0.0,0.0,0.0,1.0,0.0,1.0,0.0,0.0,0.0,0.0,1
-1.5661069258891576,-0.4745451962498395,-0.4736736092984604,49.5042,1.0,0.0,0.0,0.0,0.0,0.0,1.0,1.0,0.0,0.0,0.0,1.0,0.0,0.0,0.0,0.0,1
-1.5661069258891576,0.4327933656785018,-0.4736736092984604,90.0,1.0,0.0,0.0,0.0,0.0,0.0,1.0,0.0,0.0,1.0,0.0,0.0,0.0,1.0,0.0,0.0,1
0.8273772438659699,-0.4745451962498395,-0.4736736092984604,8.05,0.0,1.0,0.0,0.0,1.0,0.0,0.0,0.0,0.0,1.0,0.0,0.0,1.0,0.0,0.0,0.0,0
-1.5661069258891576,-0.4745451962498395,0.7676298785983874,61.9792,0.0,1.0,0.0,0.0,0.0,1.0,0.0,1.0,0.0,0.0,0.0,0.0,1.0,0.0,0.0,0.0,0
0.8273772438659699,2.247470489535184,0.7676298785983874,25.4667,1.0,0.0,0.0,0.0,1.0,0.0,0.0,0.0,0.0,1.0,0.0,1.0,0.0,0.0,0.0,0.0,0
-0.3693648410115938,0.4327933656785018,-0.4736736092984604,27.0,0.0,1.0,0.0,1.0,0.0,0.0,0.0,0.0,0.0,1.0,0.0,0.0,1.0,0.0,0.0,0.0,0
-1.5661069258891576,-0.4745451962498395,-0.4736736092984604,26.55,0.0,1.0,0.0,0.0,0.0,1.0,0.0,0.0,0.0,1.0,0.0,0.0,1.0,0.0,0.0,0.0,0
-1.5661069258891576,0.4327933656785018,-0.4736736092984604,82.1708,1.0,0.0,0.0,0.0,1.0,0.0,0.0,1.0,0.0,0.0,0.0,0.0,0.0,1.0,0.0,0.0,1
-0.3693648410115938,0.4327933656785018,0.7676298785983874,26.25,1.0,0.0,0.0,0.0,0.0,0.0,1.0,0.0,0.0,1.0,0.0,0.0,0.0,1.0,0.0,0.0,1
0.8273772438659699,0.4327933656785018,0.7676298785983874,10.4625,1.0,0.0,0.0,0.0,0.0,0.0,1.0,0.0,0.0,1.0,0.0,0.0,0.0,1.0,0.0,0.0,0
-1.5661069258891576,-0.4745451962498395,-0.4736736092984604,30.6958,0.0,1.0,0.0,1.0,0.0,0.0,0.0,1.0,0.0,0.0,0.0,0.0,1.0,0.0,0.0,0.0,0
-1.5661069258891576,0.4327933656785018,2.008933366495236,151.55,0.0,1.0,1.0,0.0,0.0,0.0,0.0,0.0,0.0,1.0,1.0,0.0,0.0,0.0,0.0,0.0,1
0.8273772438659699,-0.4745451962498395,-0.4736736092984604,7.8542,0.0,1.0,0.0,0.0,0.0,0.0,1.0,0.0,0.0,1.0,0.0,0.0,1.0,0.0,0.0,0.0,1
-1.5661069258891576,0.4327933656785018,-0.4736736092984604,78.85,0.0,1.0,0.0,0.0,0.0,0.0,1.0,0.0,0.0,1.0,0.0,0.0,1.0,0.0,0.0,0.0,0
-0.3693648410115938,0.4327933656785018,-0.4736736092984604,13.8583,1.0,0.0,0.0,0.0,0.0,0.0,1.0,1.0,0.0,0.0,0.0,1.0,0.0,0.0,0.0,0.0,1
0.8273772438659699,0.4327933656785018,-0.4736736092984604,18.0,1.0,0.0,0.0,0.0,0.0,0.0,1.0,0.0,0.0,1.0,0.0,0.0,0.0,1.0,0.0,0.0,0
0.8273772438659699,-0.4745451962498395,-0.4736736092984604,7.775,0.0,1.0,0.0,0.0,0.0,0.0,1.0,0.0,0.0,1.0,0.0,0.0,1.0,0.0,0.0,0.0,0
0.8273772438659699,-0.4745451962498395,-0.4736736092984604,15.5,0.0,1.0,0.0,0.0,1.0,0.0,0.0,0.0,1.0,0.0,0.0,0.0,1.0,0.0,0.0,0.0,0
-0.3693648410115938,1.3401319276068429,0.7676298785983874,27.0,1.0,0.0,0.0,0.0,0.0,0.0,1.0,0.0,0.0,1.0,0.0,0.0,0.0,1.0,0.0,0.0,1
-1.5661069258891576,-0.4745451962498395,-0.4736736092984604,5.0,0.0,1.0,0.0,0.0,0.0,0.0,1.0,0.0,0.0,1.0,0.0,0.0,1.0,0.0,0.0,0.0,0
0.8273772438659699,0.4327933656785018,-0.4736736092984604,15.5,0.0,1.0,0.0,0.0,1.0,0.0,0.0,0.0,1.0,0.0,0.0,0.0,1.0,0.0,0.0,0.0,0
-1.5661069258891576,-0.4745451962498395,-0.4736736092984604,35.5,0.0,1.0,0.0,0.0,1.0,0.0,0.0,0.0,0.0,1.0,0.0,0.0,1.0,0.0,0.0,0.0,1
0.8273772438659699,-0.4745451962498395,-0.4736736092984604,16.1,0.0,1.0,0.0,0.0,0.0,0.0,1.0,0.0,0.0,1.0,0.0,0.0,1.0,0.0,0.0,0.0,0
-1.5661069258891576,0.4327933656785018,-0.4736736092984604,146.5208,1.0,0.0,0.0,0.0,1.0,0.0,0.0,1.0,0.0,0.0,0.0,0.0,0.0,1.0,0.0,0.0,1
-0.3693648410115938,-0.4745451962498395,0.7676298785983874,33.0,0.0,1.0,0.0,0.0,0.0,0.0,1.0,0.0,0.0,1.0,0.0,0.0,0.0,0.0,1.0,0.0,0
0.8273772438659699,-0.4745451962498395,-0.4736736092984604,8.05,0.0,1.0,0.0,0.0,0.0,0.0,1.0,0.0,0.0,1.0,0.0,0.0,1.0,0.0,0.0,0.0,0
-1.5661069258891576,-0.4745451962498395,-0.4736736092984604,135.6333,1.0,0.0,0.0,0.0,0.0,0.0,1.0,1.0,0.0,0.0,0.0,1.0,0.0,0.0,0.0,0.0,1
-0.3693648410115938,0.4327933656785018,0.7676298785983874,18.75,0.0,1.0,1.0,0.0,0.0,0.0,0.0,0.0,0.0,1.0,1.0,0.0,0.0,0.0,0.0,0.0,1
0.8273772438659699,-0.4745451962498395,-0.4736736092984604,7.2292,0.0,1.0,0.0,0.0,0.0,0.0,1.0,1.0,0.0,0.0,0.0,0.0,1.0,0.0,0.0,0.0,0
0.8273772438659699,-0.4745451962498395,-0.4736736092984604,8.85,1.0,0.0,0.0,0.0,0.0,0.0,1.0,0.0,0.0,1.0,0.0,1.0,0.0,0.0,0.0,0.0,0
0.8273772438659699,0.4327933656785018,0.7676298785983874,22.3583,1.0,0.0,0.0,0.0,1.0,0.0,0.0,1.0,0.0,0.0,0.0,1.0,0.0,0.0,0.0,0.0,1
-1.5661069258891576,-0.4745451962498395,0.7676298785983874,63.3583,0.0,1.0,0.0,0.0,0.0,0.0,1.0,1.0,0.0,0.0,0.0,0.0,1.0,0.0,0.0,0.0,1
0.8273772438659699,-0.4745451962498395,-0.4736736092984604,7.75,1.0,0.0,0.0,0.0,0.0,0.0,1.0,0.0,0.0,1.0,0.0,1.0,0.0,0.0,0.0,0.0,1
0.8273772438659699,-0.4745451962498395,-0.4736736092984604,7.25,0.0,1.0,0.0,0.0,0.0,0.0,1.0,0.0,0.0,1.0,0.0,0.0,1.0,0.0,0.0,0.0,0
-0.3693648410115938,-0.4745451962498395,2.008933366495236,26.25,1.0,0.0,1.0,0.0,0.0,0.0,0.0,0.0,0.0,1.0,0.0,1.0,0.0,0.0,0.0,0.0,1
-0.3693648410115938,-0.4745451962498395,-0.4736736092984604,73.5,0.0,1.0,1.0,0.0,0.0,0.0,0.0,0.0,0.0,1.0,0.0,0.0,1.0,0.0,0.0,0.0,0
-0.3693648410115938,-0.4745451962498395,-0.4736736092984604,10.5,0.0,1.0,0.0,0.0,0.0,1.0,0.0,0.0,0.0,1.0,0.0,0.0,1.0,0.0,0.0,0.0,0
0.8273772438659699,0.4327933656785018,-0.4736736092984604,15.5,1.0,0.0,0.0,0.0,1.0,0.0,0.0,0.0,1.0,0.0,0.0,1.0,0.0,0.0,0.0,0.0,1
0.8273772438659699,-0.4745451962498395,-0.4736736092984604,6.2375,0.0,1.0,0.0,0.0,0.0,1.0,0.0,0.0,0.0,1.0,0.0,0.0,1.0,0.0,0.0,0.0,0
0.8273772438659699,-0.4745451962498395,-0.4736736092984604,8.05,0.0,1.0,0.0,0.0,0.0,0.0,1.0,0.0,0.0,1.0,0.0,0.0,1.0,0.0,0.0,0.0,0
0.8273772438659699,-0.4745451962498395,-0.4736736092984604,7.75,0.0,1.0,0.0,1.0,0.0,0.0,0.0,0.0,0.0,1.0,0.0,0.0,1.0,0.0,0.0,0.0,0
-0.3693648410115938,-0.4745451962498395,-0.4736736092984604,10.5,0.0,1.0,0.0,0.0,0.0,0.0,1.0,0.0,0.0,1.0,0.0,0.0,1.0,0.0,0.0,0.0,0
0.8273772438659699,4.062147613391868,2.008933366495236,46.9,0.0,1.0,1.0,0.0,0.0,0.0,0.0,0.0,0.0,1.0,1.0,0.0,0.0,0.0,0.0,0.0,0
-1.5661069258891576,0.4327933656785018,-0.4736736092984604,61.175,0.0,1.0,0.0,1.0,0.0,0.0,0.0,0.0,0.0,1.0,0.0,0.0,1.0,0.0,0.0,0.0,0
-0.3693648410115938,-0.4745451962498395,-0.4736736092984604,13.0,0.0,1.0,0.0,1.0,0.0,0.0,0.0,0.0,0.0,1.0,0.0,0.0,1.0,0.0,0.0,0.0,0
0.8273772438659699,-0.4745451962498395,-0.4736736092984604,0.0,0.0,1.0,0.0,0.0,0.0,0.0,1.0,0.0,0.0,1.0,0.0,0.0,1.0,0.0,0.0,0.0,1
0.8273772438659699,1.3401319276068429,2.008933366495236,34.375,1.0,0.0,0.0,0.0,0.0,0.0,1.0,0.0,0.0,1.0,0.0,1.0,0.0,0.0,0.0,0.0,0
-0.3693648410115938,0.4327933656785018,-0.4736736092984604,27.7208,0.0,1.0,0.0,0.0,0.0,0.0,1.0,1.0,0.0,0.0,0.0,0.0,1.0,0.0,0.0,0.0,0
0.8273772438659699,-0.4745451962498395,2.008933366495236,20.525,0.0,1.0,1.0,0.0,0.0,0.0,0.0,0.0,0.0,1.0,1.0,0.0,0.0,0.0,0.0,0.0,1
0.8273772438659699,-0.4745451962498395,-0.4736736092984604,12.475,1.0,0.0,1.0,0.0,0.0,0.0,0.0,0.0,0.0,1.0,0.0,1.0,0.0,0.0,0.0,0.0,1
0.8273772438659699,-0.4745451962498395,2.008933366495236,11.1333,1.0,0.0,0.0,0.0,0.0,0.0,1.0,0.0,0.0,1.0,0.0,0.0,0.0,1.0,0.0,0.0,1
-1.5661069258891576,0.4327933656785018,-0.4736736092984604,56.9292,0.0,1.0,0.0,1.0,0.0,0.0,0.0,1.0,0.0,0.0,0.0,0.0,0.0,0.0,0.0,1.0,1
0.8273772438659699,0.4327933656785018,-0.4736736092984604,7.8542,0.0,1.0,0.0,0.0,0.0,0.0,1.0,0.0,0.0,1.0,0.0,0.0,1.0,0.0,0.0,0.0,0
-1.5661069258891576,0.4327933656785018,-0.4736736092984604,227.525,1.0,0.0,1.0,0.0,0.0,0.0,0.0,1.0,0.0,0.0,0.0,0.0,0.0,1.0,0.0,0.0,1
0.8273772438659699,-0.4745451962498395,-0.4736736092984604,8.6625,0.0,1.0,0.0,0.0,0.0,0.0,1.0,0.0,0.0,1.0,0.0,0.0,1.0,0.0,0.0,0.0,0
0.8273772438659699,-0.4745451962498395,-0.4736736092984604,7.925,1.0,0.0,0.0,0.0,0.0,0.0,1.0,0.0,0.0,1.0,0.0,1.0,0.0,0.0,0.0,0.0,0
0.8273772438659699,-0.4745451962498395,3.2502368543920834,19.2583,1.0,0.0,0.0,0.0,0.0,0.0,1.0,1.0,0.0,0.0,0.0,0.0,0.0,1.0,0.0,0.0,1
0.8273772438659699,2.247470489535184,2.008933366495236,27.9,0.0,1.0,1.0,0.0,0.0,0.0,0.0,0.0,0.0,1.0,1.0,0.0,0.0,0.0,0.0,0.0,0
-1.5661069258891576,-0.4745451962498395,-0.4736736092984604,50.0,0.0,1.0,0.0,0.0,1.0,0.0,0.0,0.0,0.0,1.0,0.0,0.0,1.0,0.0,0.0,0.0,0
-1.5661069258891576,-0.4745451962498395,-0.4736736092984604,52.0,0.0,1.0,0.0,1.0,0.0,0.0,0.0,0.0,0.0,1.0,0.0,0.0,1.0,0.0,0.0,0.0,0
0.8273772438659699,-0.4745451962498395,-0.4736736092984604,8.6625,0.0,1.0,0.0,0.0,0.0,0.0,1.0,0.0,0.0,1.0,0.0,0.0,1.0,0.0,0.0,0.0,0
-1.5661069258891576,-0.4745451962498395,0.7676298785983874,57.9792,1.0,0.0,1.0,0.0,0.0,0.0,0.0,1.0,0.0,0.0,0.0,1.0,0.0,0.0,0.0,0.0,1
0.8273772438659699,6.784163299176892,2.008933366495236,69.55,0.0,1.0,0.0,0.0,1.0,0.0,0.0,0.0,0.0,1.0,0.0,0.0,1.0,0.0,0.0,0.0,0
0.8273772438659699,-0.4745451962498395,-0.4736736092984604,9.5875,1.0,0.0,0.0,0.0,0.0,0.0,1.0,0.0,0.0,1.0,0.0,1.0,0.0,0.0,0.0,0.0,0
-0.3693648410115938,-0.4745451962498395,-0.4736736092984604,13.0,0.0,1.0,1.0,0.0,0.0,0.0,0.0,0.0,0.0,1.0,0.0,0.0,1.0,0.0,0.0,0.0,0
0.8273772438659699,-0.4745451962498395,-0.4736736092984604,7.7417,0.0,1.0,0.0,0.0,0.0,0.0,1.0,0.0,1.0,0.0,0.0,0.0,1.0,0.0,0.0,0.0,0
0.8273772438659699,-0.4745451962498395,2.008933366495236,22.025,1.0,0.0,1.0,0.0,0.0,0.0,0.0,0.0,0.0,1.0,0.0,1.0,0.0,0.0,0.0,0.0,1
0.8273772438659699,-0.4745451962498395,-0.4736736092984604,7.8792,1.0,0.0,0.0,0.0,1.0,0.0,0.0,0.0,1.0,0.0,0.0,1.0,0.0,0.0,0.0,0.0,1
-0.3693648410115938,-0.4745451962498395,-0.4736736092984604,10.5,0.0,1.0,0.0,0.0,0.0,0.0,1.0,0.0,0.0,1.0,0.0,0.0,1.0,0.0,0.0,0.0,0
-1.5661069258891576,0.4327933656785018,-0.4736736092984604,55.4417,0.0,1.0,0.0,0.0,0.0,0.0,1.0,1.0,0.0,0.0,0.0,0.0,1.0,0.0,0.0,0.0,1
0.8273772438659699,-0.4745451962498395,-0.4736736092984604,6.75,0.0,1.0,0.0,0.0,0.0,0.0,1.0,0.0,1.0,0.0,0.0,0.0,1.0,0.0,0.0,0.0,0
0.8273772438659699,-0.4745451962498395,-0.4736736092984604,8.05,0.0,1.0,0.0,1.0,0.0,0.0,0.0,0.0,0.0,1.0,0.0,0.0,1.0,0.0,0.0,0.0,0
-1.5661069258891576,0.4327933656785018,-0.4736736092984604,52.0,1.0,0.0,0.0,0.0,0.0,0.0,1.0,0.0,0.0,1.0,0.0,0.0,0.0,1.0,0.0,0.0,1
-1.5661069258891576,-0.4745451962498395,-0.4736736092984604,25.9292,1.0,0.0,0.0,1.0,0.0,0.0,0.0,0.0,0.0,1.0,0.0,0.0,0.0,0.0,1.0,0.0,1
0.8273772438659699,0.4327933656785018,-0.4736736092984604,7.0542,0.0,1.0,1.0,0.0,0.0,0.0,0.0,0.0,0.0,1.0,0.0,0.0,1.0,0.0,0.0,0.0,0
0.8273772438659699,-0.4745451962498395,-0.4736736092984604,7.7958,0.0,1.0,1.0,0.0,0.0,0.0,0.0,0.0,0.0,1.0,0.0,0.0,1.0,0.0,0.0,0.0,0
0.8273772438659699,2.247470489535184,2.008933366495236,27.9,1.0,0.0,1.0,0.0,0.0,0.0,0.0,0.0,0.0,1.0,0.0,1.0,0.0,0.0,0.0,0.0,0
-0.3693648410115938,0.4327933656785018,0.7676298785983874,26.25,0.0,1.0,0.0,0.0,0.0,0.0,1.0,0.0,0.0,1.0,0.0,0.0,1.0,0.0,0.0,0.0,0
-1.5661069258891576,-0.4745451962498395,-0.4736736092984604,0.0,0.0,1.0,0.0,0.0,0.0,0.0,1.0,0.0,0.0,1.0,0.0,0.0,0.0,0.0,0.0,1.0,0
0.8273772438659699,-0.4745451962498395,-0.4736736092984604,7.8958,0.0,1.0,0.0,0.0,1.0,0.0,0.0,0.0,0.0,1.0,0.0,0.0,1.0,0.0,0.0,0.0,0
-1.5661069258891576,-0.4745451962498395,-0.4736736092984604,26.55,1.0,0.0,0.0,1.0,0.0,0.0,0.0,0.0,0.0,1.0,0.0,1.0,0.0,0.0,0.0,0.0,1
0.8273772438659699,1.3401319276068429,2.008933366495236,34.375,1.0,0.0,1.0,0.0,0.0,0.0,0.0,0.0,0.0,1.0,0.0,1.0,0.0,0.0,0.0,0.0,0
-1.5661069258891576,-0.4745451962498395,-0.4736736092984604,135.6333,1.0,0.0,0.0,0.0,0.0,0.0,1.0,0.0,0.0,1.0,0.0,1.0,0.0,0.0,0.0,0.0,1
0.8273772438659699,-0.4745451962498395,-0.4736736092984604,7.775,0.0,1.0,0.0,0.0,0.0,0.0,1.0,0.0,0.0,1.0,0.0,0.0,1.0,0.0,0.0,0.0,0
-0.3693648410115938,2.247470489535184,-0.4736736092984604,21.0,1.0,0.0,0.0,0.0,0.0,0.0,1.0,0.0,0.0,1.0,0.0,0.0,0.0,1.0,0.0,0.0,1
-0.3693648410115938,-0.4745451962498395,-0.4736736092984604,13.7917,1.0,0.0,0.0,0.0,0.0,0.0,1.0,1.0,0.0,0.0,0.0,0.0,0.0,1.0,0.0,0.0,1
-0.3693648410115938,0.4327933656785018,-0.4736736092984604,26.0,1.0,0.0,0.0,1.0,0.0,0.0,0.0,0.0,0.0,1.0,0.0,0.0,0.0,1.0,0.0,0.0,0
0.8273772438659699,-0.4745451962498395,-0.4736736092984604,7.8,0.0,1.0,0.0,0.0,0.0,0.0,1.0,0.0,0.0,1.0,0.0,0.0,1.0,0.0,0.0,0.0,0
-0.3693648410115938,0.4327933656785018,0.7676298785983874,39.0,0.0,1.0,0.0,1.0,0.0,0.0,0.0,0.0,0.0,1.0,0.0,0.0,1.0,0.0,0.0,0.0,0
0.8273772438659699,-0.4745451962498395,-0.4736736092984604,7.75,1.0,0.0,0.0,0.0,1.0,0.0,0.0,0.0,1.0,0.0,0.0,1.0,0.0,0.0,0.0,0.0,1
-0.3693648410115938,-0.4745451962498395,-0.4736736092984604,12.875,0.0,1.0,0.0,0.0,0.0,0.0,1.0,1.0,0.0,0.0,0.0,0.0,1.0,0.0,0.0,0.0,0
0.8273772438659699,-0.4745451962498395,-0.4736736092984604,8.05,0.0,1.0,0.0,0.0,1.0,0.0,0.0,0.0,0.0,1.0,0.0,0.0,1.0,0.0,0.0,0.0,0
-1.5661069258891576,-0.4745451962498395,-0.4736736092984604,26.55,0.0,1.0,0.0,1.0,0.0,0.0,0.0,0.0,0.0,1.0,0.0,0.0,0.0,0.0,1.0,0.0,0
0.8273772438659699,-0.4745451962498395,-0.4736736092984604,8.05,0.0,1.0,0.0,0.0,0.0,0.0,1.0,0.0,0.0,1.0,0.0,0.0,1.0,0.0,0.0,0.0,0
0.8273772438659699,-0.4745451962498395,-0.4736736092984604,7.75,1.0,0.0,0.0,0.0,1.0,0.0,0.0,0.0,1.0,0.0,0.0,1.0,0.0,0.0,0.0,0.0,1
-1.5661069258891576,0.4327933656785018,-0.4736736092984604,53.1,1.0,0.0,0.0,0.0,0.0,0.0,1.0,0.0,0.0,1.0,0.0,0.0,0.0,1.0,0.0,0.0,1
-1.5661069258891576,-0.4745451962498395,-0.4736736092984604,110.8833,1.0,0.0,0.0,0.0,1.0,0.0,0.0,1.0,0.0,0.0,0.0,1.0,0.0,0.0,0.0,0.0,1
-1.5661069258891576,-0.4745451962498395,-0.4736736092984604,25.9292,1.0,0.0,0.0,1.0,0.0,0.0,0.0,0.0,0.0,1.0,0.0,0.0,0.0,1.0,0.0,0.0,1
0.8273772438659699,0.4327933656785018,0.7676298785983874,20.25,1.0,0.0,0.0,0.0,0.0,0.0,1.0,0.0,0.0,1.0,0.0,0.0,0.0,1.0,0.0,0.0,1
-1.5661069258891576,-0.4745451962498395,2.008933366495236,49.5,1.0,0.0,0.0,0.0,0.0,0.0,1.0,1.0,0.0,0.0,0.0,1.0,0.0,0.0,0.0,0.0,1
0.8273772438659699,-0.4745451962498395,-0.4736736092984604,7.225,0.0,1.0,0.0,0.0,1.0,0.0,0.0,1.0,0.0,0.0,0.0,0.0,1.0,0.0,0.0,0.0,0
-1.5661069258891576,-0.4745451962498395,-0.4736736092984604,221.7792,0.0,1.0,0.0,0.0,1.0,0.0,0.0,0.0,0.0,1.0,0.0,0.0,1.0,0.0,0.0,0.0,0
-1.5661069258891576,0.4327933656785018,0.7676298785983874,52.5542,0.0,1.0,0.0,0.0,0.0,0.0,1.0,0.0,0.0,1.0,0.0,0.0,1.0,0.0,0.0,0.0,1
0.8273772438659699,2.247470489535184,2.008933366495236,27.9,0.0,1.0,1.0,0.0,0.0,0.0,0.0,0.0,0.0,1.0,1.0,0.0,0.0,0.0,0.0,0.0,0
0.8273772438659699,3.1548090514635256,2.008933366495236,7.925,1.0,0.0,1.0,0.0,0.0,0.0,0.0,0.0,0.0,1.0,0.0,1.0,0.0,0.0,0.0,0.0,1
0.8273772438659699,0.4327933656785018,-0.4736736092984604,11.2417,0.0,1.0,1.0,0.0,0.0,0.0,0.0,1.0,0.0,0.0,1.0,0.0,0.0,0.0,0.0,0.0,1
0.8273772438659699,-0.4745451962498395,-0.4736736092984604,7.775,0.0,1.0,0.0,0.0,0.0,0.0,1.0,0.0,0.0,1.0,0.0,0.0,1.0,0.0,0.0,0.0,0
0.8273772438659699,-0.4745451962498395,2.008933366495236,15.2458,1.0,0.0,0.0,0.0,1.0,0.0,0.0,1.0,0.0,0.0,0.0,0.0,0.0,1.0,0.0,0.0,0
-1.5661069258891576,0.4327933656785018,-0.4736736092984604,91.0792,1.0,0.0,0.0,0.0,0.0,0.0,1.0,1.0,0.0,0.0,0.0,0.0,0.0,1.0,0.0,0.0,1
-1.5661069258891576,0.4327933656785018,0.7676298785983874,71.0,0.0,1.0,0.0,0.0,0.0,1.0,0.0,0.0,0.0,1.0,0.0,0.0,0.0,0.0,1.0,0.0,0
0.8273772438659699,-0.4745451962498395,-0.4736736092984604,7.75,1.0,0.0,1.0,0.0,0.0,0.0,0.0,0.0,1.0,0.0,0.0,1.0,0.0,0.0,0.0,0.0,1
-0.3693648410115938,0.4327933656785018,-0.4736736092984604,26.0,1.0,0.0,0.0,1.0,0.0,0.0,0.0,0.0,0.0,1.0,0.0,0.0,0.0,1.0,0.0,0.0,1
0.8273772438659699,0.4327933656785018,-0.4736736092984604,7.775,0.0,1.0,0.0,0.0,0.0,0.0,1.0,0.0,0.0,1.0,0.0,0.0,1.0,0.0,0.0,0.0,0
0.8273772438659699,-0.4745451962498395,-0.4736736092984604,7.8958,0.0,1.0,0.0,0.0,1.0,0.0,0.0,0.0,0.0,1.0,0.0,0.0,1.0,0.0,0.0,0.0,0
0.8273772438659699,2.247470489535184,0.7676298785983874,21.075,1.0,0.0,1.0,0.0,0.0,0.0,0.0,0.0,0.0,1.0,0.0,1.0,0.0,0.0,0.0,0.0,0
-0.3693648410115938,-0.4745451962498395,-0.4736736092984604,10.5,0.0,1.0,1.0,0.0,0.0,0.0,0.0,0.0,0.0,1.0,0.0,0.0,1.0,0.0,0.0,0.0,0
-1.5661069258891576,-0.4745451962498395,0.7676298785983874,247.5208,0.0,1.0,0.0,0.0,0.0,0.0,1.0,1.0,0.0,0.0,0.0,0.0,1.0,0.0,0.0,0.0,0
-0.3693648410115938,-0.4745451962498395,0.7676298785983874,19.5,1.0,0.0,1.0,0.0,0.0,0.0,0.0,0.0,0.0,1.0,0.0,1.0,0.0,0.0,0.0,0.0,1
-0.3693648410115938,-0.4745451962498395,-0.4736736092984604,13.0,0.0,1.0,0.0,0.0,0.0,0.0,1.0,0.0,0.0,1.0,0.0,0.0,1.0,0.0,0.0,0.0,0
-0.3693648410115938,-0.4745451962498395,-0.4736736092984604,11.5,0.0,1.0,1.0,0.0,0.0,0.0,0.0,0.0,0.0,1.0,0.0,0.0,1.0,0.0,0.0,0.0,0
0.8273772438659699,-0.4745451962498395,-0.4736736092984604,7.775,0.0,1.0,0.0,0.0,0.0,0.0,1.0,0.0,0.0,1.0,0.0,0.0,1.0,0.0,0.0,0.0,0
-0.3693648410115938,1.3401319276068429,0.7676298785983874,39.0,0.0,1.0,1.0,0.0,0.0,0.0,0.0,0.0,0.0,1.0,1.0,0.0,0.0,0.0,0.0,0.0,1
0.8273772438659699,3.1548090514635256,0.7676298785983874,29.125,0.0,1.0,1.0,0.0,0.0,0.0,0.0,0.0,1.0,0.0,1.0,0.0,0.0,0.0,0.0,0.0,0
0.8273772438659699,-0.4745451962498395,-0.4736736092984604,7.2292,0.0,1.0,0.0,0.0,0.0,0.0,1.0,1.0,0.0,0.0,0.0,0.0,1.0,0.0,0.0,0.0,1
-0.3693648410115938,0.4327933656785018,-0.4736736092984604,24.0,1.0,0.0,0.0,0.0,0.0,0.0,1.0,1.0,0.0,0.0,0.0,0.0,0.0,1.0,0.0,0.0,1
-0.3693648410115938,-0.4745451962498395,0.7676298785983874,26.0,1.0,0.0,0.0,1.0,0.0,0.0,0.0,0.0,0.0,1.0,0.0,0.0,0.0,1.0,0.0,0.0,1
0.8273772438659699,-0.4745451962498395,-0.4736736092984604,7.65,0.0,1.0,0.0,0.0,0.0,0.0,1.0,0.0,0.0,1.0,0.0,0.0,1.0,0.0,0.0,0.0,0
-1.5661069258891576,-0.4745451962498395,-0.4736736092984604,211.3375,1.0,0.0,0.0,0.0,0.0,0.0,1.0,0.0,0.0,1.0,0.0,1.0,0.0,0.0,0.0,0.0,1
-0.3693648410115938,-0.4745451962498395,-0.4736736092984604,10.5,0.0,1.0,0.0,0.0,0.0,0.0,1.0,0.0,0.0,1.0,0.0,0.0,1.0,0.0,0.0,0.0,0
0.8273772438659699,-0.4745451962498395,-0.4736736092984604,9.5875,1.0,0.0,0.0,0.0,0.0,1.0,0.0,0.0,0.0,1.0,0.0,0.0,0.0,1.0,0.0,0.0,1
0.8273772438659699,-0.4745451962498395,-0.4736736092984604,7.75,0.0,1.0,0.0,0.0,1.0,0.0,0.0,0.0,1.0,0.0,0.0,0.0,1.0,0.0,0.0,0.0,0
-1.5661069258891576,0.4327933656785018,2.008933366495236,151.55,1.0,0.0,0.0,0.0,0.0,0.0,1.0,0.0,0.0,1.0,0.0,0.0,0.0,1.0,0.0,0.0,0
-0.3693648410115938,1.3401319276068429,0.7676298785983874,39.0,1.0,0.0,1.0,0.0,0.0,0.0,0.0,0.0,0.0,1.0,0.0,1.0,0.0,0.0,0.0,0.0,1
-1.5661069258891576,-0.4745451962498395,-0.4736736092984604,29.7,0.0,1.0,0.0,0.0,1.0,0.0,0.0,1.0,0.0,0.0,0.0,0.0,1.0,0.0,0.0,0.0,1
0.8273772438659699,-0.4745451962498395,-0.4736736092984604,8.1375,1.0,0.0,0.0,0.0,1.0,0.0,0.0,0.0,1.0,0.0,0.0,1.0,0.0,0.0,0.0,0.0,0
0.8273772438659699,6.784163299176892,2.008933366495236,69.55,0.0,1.0,0.0,0.0,1.0,0.0,0.0,0.0,0.0,1.0,1.0,0.0,0.0,0.0,0.0,0.0,0
-0.3693648410115938,-0.4745451962498395,-0.4736736092984604,10.5,0.0,1.0,0.0,0.0,0.0,1.0,0.0,0.0,0.0,1.0,0.0,0.0,1.0,0.0,0.0,0.0,1
0.8273772438659699,-0.4745451962498395,-0.4736736092984604,7.75,1.0,0.0,0.0,0.0,1.0,0.0,0.0,0.0,1.0,0.0,0.0,1.0,0.0,0.0,0.0,0.0,1
0.8273772438659699,-0.4745451962498395,2.008933366495236,16.7,1.0,0.0,0.0,0.0,0.0,0.0,1.0,0.0,0.0,1.0,0.0,0.0,0.0,1.0,0.0,0.0,1
-0.3693648410115938,-0.4745451962498395,-0.4736736092984604,13.0,0.0,1.0,0.0,0.0,0.0,0.0,1.0,0.0,0.0,1.0,0.0,0.0,1.0,0.0,0.0,0.0,0
0.8273772438659699,-0.4745451962498395,-0.4736736092984604,7.8792,1.0,0.0,0.0,0.0,1.0,0.0,0.0,0.0,1.0,0.0,0.0,1.0,0.0,0.0,0.0,0.0,1
0.8273772438659699,-0.4745451962498395,-0.4736736092984604,7.75,0.0,1.0,0.0,0.0,1.0,0.0,0.0,0.0,1.0,0.0,0.0,0.0,1.0,0.0,0.0,0.0,0
-0.3693648410115938,1.3401319276068429,-0.4736736092984604,73.5,0.0,1.0,0.0,0.0,0.0,0.0,1.0,0.0,0.0,1.0,0.0,0.0,1.0,0.0,0.0,0.0,0
0.8273772438659699,-0.4745451962498395,-0.4736736092984604,7.8792,1.0,0.0,0.0,0.0,0.0,0.0,1.0,0.0,1.0,0.0,0.0,1.0,0.0,0.0,0.0,0.0,1
0.8273772438659699,-0.4745451962498395,-0.4736736092984604,7.8958,0.0,1.0,0.0,0.0,0.0,0.0,1.0,0.0,0.0,1.0,0.0,0.0,1.0,0.0,0.0,0.0,0
0.8273772438659699,-0.4745451962498395,-0.4736736092984604,0.0,0.0,1.0,0.0,0.0,0.0,0.0,1.0,0.0,0.0,1.0,0.0,0.0,1.0,0.0,0.0,0.0,0
-0.3693648410115938,-0.4745451962498395,0.7676298785983874,23.0,1.0,0.0,0.0,0.0,0.0,0.0,1.0,0.0,0.0,1.0,0.0,0.0,0.0,1.0,0.0,0.0,1
0.8273772438659699,3.1548090514635256,2.008933366495236,31.275,1.0,0.0,1.0,0.0,0.0,0.0,0.0,0.0,0.0,1.0,0.0,1.0,0.0,0.0,0.0,0.0,0
0.8273772438659699,-0.4745451962498395,-0.4736736092984604,8.05,0.0,1.0,0.0,0.0,0.0,0.0,1.0,0.0,0.0,1.0,0.0,0.0,1.0,0.0,0.0,0.0,0
-1.5661069258891576,0.4327933656785018,-0.4736736092984604,55.9,0.0,1.0,0.0,1.0,0.0,0.0,0.0,0.0,0.0,1.0,0.0,0.0,1.0,0.0,0.0,0.0,0
-0.3693648410115938,0.4327933656785018,2.008933366495236,41.5792,1.0,0.0,0.0,0.0,0.0,0.0,1.0,1.0,0.0,0.0,0.0,0.0,0.0,1.0,0.0,0.0,1
0.8273772438659699,0.4327933656785018,-0.4736736092984604,24.15,0.0,1.0,0.0,0.0,1.0,0.0,0.0,0.0,1.0,0.0,0.0,0.0,1.0,0.0,0.0,0.0,0
0.8273772438659699,-0.4745451962498395,0.7676298785983874,10.4625,1.0,0.0,1.0,0.0,0.0,0.0,0.0,0.0,0.0,1.0,0.0,1.0,0.0,0.0,0.0,0.0,0
0.8273772438659699,3.1548090514635256,0.7676298785983874,39.6875,0.0,1.0,1.0,0.0,0.0,0.0,0.0,0.0,0.0,1.0,1.0,0.0,0.0,0.0,0.0,0.0,0
0.8273772438659699,0.4327933656785018,-0.4736736092984604,14.5,1.0,0.0,0.0,1.0,0.0,0.0,0.0,0.0,0.0,1.0,0.0,0.0,0.0,1.0,0.0,0.0,0
-0.3693648410115938,-0.4745451962498395,-0.4736736092984604,12.525,0.0,1.0,0.0,1.0,0.0,0.0,0.0,0.0,0.0,1.0,0.0,0.0,0.0,0.0,1.0,0.0,0
-1.5661069258891576,0.4327933656785018,-0.4736736092984604,76.7292,1.0,0.0,0.0,1.0,0.0,0.0,0.0,1.0,0.0,0.0,0.0,0.0,0.0,1.0,0.0,0.0,1
0.8273772438659699,-0.4745451962498395,-0.4736736092984604,7.925,0.0,1.0,0.0,0.0,0.0,0.0,1.0,0.0,0.0,1.0,0.0,0.0,1.0,0.0,0.0,0.0,1
0.8273772438659699,-0.4745451962498395,-0.4736736092984604,8.05,0.0,1.0,0.0,0.0,0.0,0.0,1.0,0.0,0.0,1.0,0.0,0.0,1.0,0.0,0.0,0.0,1
0.8273772438659699,-0.4745451962498395,-0.4736736092984604,6.8583,0.0,1.0,0.0,0.0,1.0,0.0,0.0,0.0,1.0,0.0,0.0,0.0,1.0,0.0,0.0,0.0,0
0.8273772438659699,-0.4745451962498395,-0.4736736092984604,8.0292,1.0,0.0,1.0,0.0,0.0,0.0,0.0,0.0,1.0,0.0,0.0,1.0,0.0,0.0,0.0,0.0,1
-1.5661069258891576,-0.4745451962498395,-0.4736736092984604,26.55,0.0,1.0,0.0,0.0,0.0,0.0,1.0,1.0,0.0,0.0,0.0,0.0,1.0,0.0,0.0,0.0,1
0.8273772438659699,0.4327933656785018,-0.4736736092984604,7.25,0.0,1.0,0.0,0.0,0.0,0.0,1.0,0.0,0.0,1.0,0.0,0.0,1.0,0.0,0.0,0.0,0
-1.5661069258891576,-0.4745451962498395,-0.4736736092984604,27.7208,0.0,1.0,0.0,0.0,1.0,0.0,0.0,1.0,0.0,0.0,0.0,0.0,1.0,0.0,0.0,0.0,0
-0.3693648410115938,-0.4745451962498395,-0.4736736092984604,13.0,0.0,1.0,0.0,1.0,0.0,0.0,0.0,0.0,0.0,1.0,0.0,0.0,1.0,0.0,0.0,0.0,0
-1.5661069258891576,0.4327933656785018,2.008933366495236,120.0,0.0,1.0,0.0,0.0,0.0,0.0,1.0,0.0,0.0,1.0,0.0,0.0,1.0,0.0,0.0,0.0,1
0.8273772438659699,0.4327933656785018,0.7676298785983874,11.1333,1.0,0.0,1.0,0.0,0.0,0.0,0.0,0.0,0.0,1.0,0.0,1.0,0.0,0.0,0.0,0.0,1
-1.5661069258891576,-0.4745451962498395,0.7676298785983874,512.3292,0.0,1.0,0.0,0.0,0.0,0.0,1.0,1.0,0.0,0.0,0.0,0.0,1.0,0.0,0.0,0.0,1
-0.3693648410115938,-0.4745451962498395,-0.4736736092984604,13.0,0.0,1.0,0.0,0.0,0.0,0.0,1.0,0.0,0.0,1.0,0.0,0.0,1.0,0.0,0.0,0.0,0
0.8273772438659699,-0.4745451962498395,-0.4736736092984604,7.25,0.0,1.0,0.0,0.0,1.0,0.0,0.0,0.0,0.0,1.0,0.0,0.0,1.0,0.0,0.0,0.0,0
0.8273772438659699,0.4327933656785018,0.7676298785983874,15.5,1.0,0.0,0.0,0.0,0.0,0.0,1.0,0.0,1.0,0.0,0.0,0.0,0.0,1.0,0.0,0.0,0
